Timestamp,Source_IP,Destination_IP,Source_Port,Destination_Port,Protocol,Action,Bytes_Transferred,Threat_Level
2024-12-15 06:07:29,198.46.208.102,222.216.20.180,42929,7297,TCP,Dropped,256787,Medium
2024-12-10 18:20:02,190.196.21.82,153.137.76.141,10168,48266,TCP,Allowed,619176,Critical
2024-12-05 01:00:35,201.148.213.94,13.241.117.246,3106,1953,TCP,Blocked,243962,Low
2024-12-18 11:41:04,56.35.115.67,116.102.133.162,37805,13032,FTP,Quarantined,231148,Critical
2024-12-12 02:17:49,66.241.244.123,123.13.175.3,39642,18232,TCP,Blocked,732052,Critical
2024-12-07 04:19:27,191.209.193.87,162.98.102.182,23322,18211,UDP,Blocked,800581,High
2024-12-11 10:33:57,58.241.69.91,38.134.62.142,7722,6079,HTTP,Allowed,376417,High
2024-12-04 09:55:40,24.124.37.56,161.82.106.221,40589,17336,TCP,Quarantined,562275,Low
2024-12-15 10:59:34,128.217.199.157,223.250.242.149,64798,60444,HTTP,Allowed,578856,High
2024-12-14 09:20:47,63.60.88.2,142.154.160.113,55379,41199,HTTPS,Dropped,605397,Medium
2024-12-05 17:14:30,201.57.53.129,75.67.142.202,47198,4559,TCP,Blocked,810620,High
2024-12-14 18:00:27,221.25.71.248,142.63.192.223,6253,56055,UDP,Allowed,398591,High
2024-12-08 07:55:11,3.126.230.28,143.132.216.200,30738,41661,ICMP,Blocked,388162,High
2024-12-17 21:57:03,214.18.53.57,76.4.139.203,14754,43921,ICMP,Allowed,638720,Medium
2024-12-08 02:43:40,180.32.146.0,60.141.146.55,36029,47785,UDP,Blocked,484714,Critical
2024-12-11 13:40:38,162.244.238.193,122.142.94.175,18715,64850,FTP,Blocked,717870,High
2024-12-07 03:47:28,64.94.134.78,77.65.104.10,56261,50353,TCP,Blocked,861722,Low
2024-12-03 04:12:19,164.63.249.239,146.19.9.39,53783,20674,HTTP,Dropped,69403,Medium
2024-12-02 12:19:57,98.183.48.103,154.55.97.238,60867,61795,HTTPS,Dropped,222955,Critical
2024-12-07 18:20:14,35.3.25.61,223.140.253.0,26952,57979,FTP,Quarantined,149811,High
2024-12-09 00:10:04,146.175.184.178,103.197.24.3,10174,16163,FTP,Dropped,783300,Critical
2024-12-03 13:10:35,102.79.23.18,202.216.201.47,59863,38243,HTTP,Dropped,229974,Medium
2024-12-18 00:41:49,55.117.231.244,25.217.131.93,34416,32344,TCP,Allowed,902931,Low
2024-12-03 13:22:20,190.143.9.60,21.140.147.33,11040,41121,UDP,Quarantined,625380,Low
2024-12-11 03:56:47,10.8.74.203,84.83.227.200,26240,25010,HTTPS,Quarantined,554816,High
2024-12-07 19:24:33,135.17.75.88,172.100.192.151,64664,36257,TCP,Allowed,714825,High
2024-12-13 12:32:21,206.39.13.233,156.60.186.178,51394,42007,ICMP,Allowed,307757,Critical
2024-12-01 13:15:38,139.1.49.230,194.172.127.107,11389,29736,TCP,Dropped,524902,Medium
2024-12-01 04:23:19,210.127.36.11,64.129.227.212,34295,59810,TCP,Dropped,882554,Medium
2024-12-02 03:45:59,20.58.129.126,94.210.106.129,11040,24505,UDP,Allowed,628038,High
2024-12-11 04:21:00,129.178.13.219,206.206.223.119,33045,1277,TCP,Dropped,921406,High
2024-12-04 06:27:18,171.18.166.203,120.149.137.58,16716,3797,UDP,Allowed,89814,Critical
2024-12-08 15:19:55,4.216.215.48,126.166.29.0,54502,4536,HTTPS,Blocked,134628,Critical
2024-12-04 10:51:59,214.203.93.21,116.237.187.37,63076,36032,UDP,Dropped,553306,Critical
2024-12-06 09:56:39,218.77.62.1,194.179.155.66,64224,13881,HTTPS,Blocked,747581,High
2024-12-07 17:41:01,59.214.240.103,201.149.136.114,27172,65219,FTP,Dropped,459381,Critical
2024-12-14 06:04:15,220.123.186.4,137.0.105.88,8954,16247,UDP,Allowed,354508,Low
2024-12-09 10:36:40,173.144.209.62,223.73.81.132,39579,36302,UDP,Blocked,7540,Low
2024-12-05 16:29:00,175.47.59.120,211.175.77.75,47413,41360,TCP,Blocked,70674,Low
2024-12-14 16:52:57,40.147.85.37,87.17.202.136,57361,21655,TCP,Blocked,292004,Critical
2024-12-14 23:43:33,147.42.60.117,1.22.183.53,15064,35340,UDP,Quarantined,254801,Critical
2024-12-13 13:30:56,182.239.247.118,52.72.89.54,53944,26678,UDP,Allowed,101639,Critical
2024-12-06 19:13:24,167.71.63.96,118.247.36.19,24243,27760,HTTP,Quarantined,905798,Low
2024-12-01 02:40:56,16.4.188.214,92.141.237.24,45153,42825,FTP,Allowed,63556,Critical
2024-12-13 18:44:04,118.65.62.131,73.110.43.63,48748,22237,TCP,Blocked,200896,Medium
2024-12-06 19:00:10,211.150.202.245,91.16.41.192,36170,29401,UDP,Quarantined,192401,High
2024-12-04 19:45:30,31.180.236.224,146.102.124.111,31342,16372,TCP,Quarantined,847272,Low
2024-12-10 17:43:57,164.75.159.130,177.192.245.75,4339,42739,HTTPS,Allowed,97793,Medium
2024-12-15 11:11:36,34.30.53.124,119.194.190.72,11923,26635,HTTP,Quarantined,224130,Critical
2024-12-05 21:23:26,190.27.161.64,185.60.82.79,60166,3843,UDP,Quarantined,2260,Critical
2024-12-04 06:08:21,140.179.133.37,223.79.202.130,18404,60721,HTTP,Dropped,443555,Critical
2024-12-18 04:15:32,6.206.82.159,200.25.12.249,11168,12446,ICMP,Blocked,61324,Low
2024-12-02 13:01:21,33.158.253.14,126.118.171.69,50043,20553,TCP,Allowed,612554,Critical
2024-12-12 04:26:45,165.220.125.156,164.212.18.107,33978,60253,HTTPS,Blocked,59642,Low
2024-12-09 16:13:40,56.163.165.158,113.10.52.61,56817,12179,TCP,Allowed,708011,Medium
2024-12-06 12:26:48,7.221.14.170,1.250.171.242,27485,7857,HTTPS,Blocked,607040,Low
2024-12-17 13:07:18,170.234.12.117,190.182.107.239,41615,5373,HTTP,Dropped,980110,High
2024-12-15 14:45:39,13.29.154.37,141.152.235.47,14410,43892,FTP,Dropped,250280,High
2024-12-04 05:23:26,138.213.139.20,195.39.231.230,26962,8578,FTP,Dropped,479434,High
2024-12-07 19:52:44,110.187.126.27,105.172.87.154,61908,49275,TCP,Allowed,480547,Low
2024-12-03 05:12:56,56.165.172.93,5.117.174.80,5825,35235,UDP,Dropped,138890,High
2024-12-16 10:59:26,169.18.102.189,71.175.166.116,58752,4509,UDP,Dropped,298830,Medium
2024-12-05 15:31:29,180.202.23.177,24.159.255.154,29740,54641,HTTPS,Dropped,641390,Low
2024-12-06 10:51:22,38.99.84.212,142.31.63.27,44793,53550,HTTPS,Dropped,977017,Low
2024-12-02 18:16:59,37.237.252.135,186.171.76.232,62557,57549,UDP,Dropped,121035,Low
2024-12-14 03:55:49,80.73.144.246,192.147.187.254,49679,36257,UDP,Dropped,295442,Medium
2024-12-02 09:04:58,193.254.177.205,197.76.68.70,48053,22472,UDP,Dropped,529959,Critical
2024-12-02 10:13:25,189.242.240.67,176.120.98.181,17481,59333,TCP,Allowed,665095,Critical
2024-12-12 07:51:04,66.11.73.127,209.210.55.122,55376,18133,TCP,Allowed,349759,Medium
2024-12-01 16:06:44,100.230.178.245,8.180.186.223,42777,64213,ICMP,Blocked,777236,Critical
2024-12-02 06:41:34,26.172.76.129,36.247.101.178,37178,46247,HTTP,Allowed,117308,Low
2024-12-17 09:18:27,197.31.125.64,107.137.119.95,62958,57876,FTP,Blocked,572092,Low
2024-12-04 17:26:34,199.139.94.102,106.63.85.167,55720,24197,HTTPS,Blocked,450664,Medium
2024-12-16 21:13:07,144.65.203.96,133.229.217.196,3765,20203,ICMP,Allowed,942590,High
2024-12-10 04:38:28,175.15.72.133,63.94.189.250,14791,44700,UDP,Allowed,370858,Critical
2024-12-06 19:21:12,74.49.86.182,38.57.129.8,64845,40676,FTP,Blocked,970733,Medium
2024-12-06 04:51:30,18.155.160.24,190.124.155.52,57686,10650,UDP,Quarantined,25990,Medium
2024-12-01 08:19:50,170.188.50.250,43.172.176.152,49295,60588,ICMP,Quarantined,841204,Medium
2024-12-13 17:56:45,39.156.46.238,174.113.147.35,18509,10434,FTP,Allowed,401124,Low
2024-12-03 12:25:07,185.73.148.206,60.207.129.231,57292,30848,UDP,Blocked,856253,Critical
2024-12-15 05:13:56,2.172.84.215,81.33.161.227,23939,20001,UDP,Blocked,24813,Medium
2024-12-02 19:51:47,66.108.19.17,57.112.215.29,27137,21513,ICMP,Allowed,810891,High
2024-12-07 11:05:03,217.67.31.122,191.152.177.175,24036,42041,HTTPS,Quarantined,712526,High
2024-12-12 11:38:22,189.128.32.0,94.223.152.166,62577,1809,TCP,Dropped,187241,High
2024-12-04 22:42:10,75.70.3.26,155.54.73.190,3531,7105,HTTPS,Quarantined,362479,High
2024-12-04 08:43:40,76.176.184.178,94.15.112.158,29623,39729,HTTPS,Allowed,403906,Medium
2024-12-11 19:34:06,145.103.205.116,69.132.248.138,17717,2909,FTP,Quarantined,1773,Medium
2024-12-13 14:44:20,180.169.132.16,70.28.213.120,24893,28266,TCP,Dropped,653425,High
2024-12-13 07:34:13,183.52.173.170,195.72.108.75,44499,55576,TCP,Dropped,531756,High
2024-12-16 06:31:41,15.77.221.6,139.215.207.229,44729,26765,ICMP,Quarantined,731076,High
2024-12-13 23:39:05,59.98.244.27,170.122.10.143,37357,8342,UDP,Quarantined,697229,Critical
2024-12-14 01:10:40,61.98.102.167,102.222.191.198,45412,49030,UDP,Dropped,425800,Low
2024-12-13 09:36:35,110.192.9.199,197.138.94.114,20938,18804,UDP,Quarantined,823927,High
2024-12-06 11:06:40,101.73.13.80,131.44.218.139,31497,28953,HTTP,Blocked,536004,Critical
2024-12-10 07:33:20,141.244.161.48,85.115.184.106,53042,59060,FTP,Blocked,690855,Low
2024-12-12 00:50:47,32.86.112.189,155.227.231.169,19622,33781,FTP,Dropped,97923,Medium
2024-12-13 10:21:08,134.235.13.35,81.217.45.6,45116,20344,UDP,Blocked,154511,Low
2024-12-09 22:58:26,39.106.219.101,150.140.132.71,4052,16047,HTTP,Allowed,477538,Critical
2024-12-10 07:42:18,135.88.92.99,99.2.194.232,59097,41273,HTTPS,Blocked,753240,Critical
2024-12-10 16:32:25,83.11.180.71,110.71.31.225,33423,26192,UDP,Blocked,687926,Low
2024-12-05 12:31:55,13.151.49.115,128.232.92.2,59525,49216,TCP,Quarantined,229471,Medium
2024-12-12 21:50:57,214.92.147.159,207.85.11.199,53722,62782,FTP,Quarantined,52657,Medium
2024-12-02 22:16:10,167.194.173.128,94.88.109.162,61151,55597,TCP,Quarantined,139816,Critical
2024-12-03 10:13:42,102.2.50.242,215.165.98.25,44774,34809,HTTPS,Dropped,996188,Critical
2024-12-02 15:29:05,141.123.37.190,3.11.182.48,41174,53413,FTP,Quarantined,870914,Critical
2024-12-06 04:10:47,103.149.130.68,143.180.42.253,59823,10431,FTP,Quarantined,471932,High
2024-12-08 08:50:29,195.121.183.130,103.97.64.45,50292,16204,FTP,Dropped,803013,Critical
2024-12-04 06:06:55,57.123.155.206,118.197.166.34,42098,15680,ICMP,Quarantined,81247,High
2024-12-12 18:27:21,151.115.192.112,153.57.91.60,16391,17808,ICMP,Dropped,936406,Low
2024-12-15 16:54:49,139.246.15.83,6.95.144.83,10092,9885,UDP,Quarantined,727659,Medium
2024-12-12 05:38:58,154.28.196.243,87.179.252.129,47319,14022,TCP,Quarantined,427398,High
2024-12-05 21:35:22,220.153.165.255,109.147.26.67,36584,30535,HTTP,Allowed,216881,Critical
2024-12-12 02:05:58,2.190.145.23,84.178.118.8,26548,59300,HTTPS,Allowed,898348,Critical
2024-12-16 16:52:16,161.45.78.104,40.39.190.0,32283,387,ICMP,Dropped,790075,Critical
2024-12-18 01:55:58,47.82.144.6,45.45.189.52,56955,58435,HTTP,Blocked,511945,Medium
2024-12-04 20:59:43,80.181.242.50,36.15.159.146,18911,28563,HTTP,Allowed,407746,High
2024-12-15 07:36:19,126.137.33.69,15.181.127.46,44859,44509,HTTP,Blocked,881334,Critical
2024-12-10 18:28:52,77.72.59.216,41.212.78.255,61287,8365,HTTPS,Allowed,950983,Critical
2024-12-12 21:18:48,191.158.29.74,69.251.52.25,39814,36988,FTP,Allowed,88025,Critical
2024-12-02 11:12:00,150.61.105.247,218.5.100.60,9917,56810,HTTP,Blocked,52727,High
2024-12-15 03:03:26,155.213.111.140,114.64.32.213,25868,21454,UDP,Quarantined,342722,High
2024-12-15 17:20:02,43.236.110.99,169.15.193.82,50911,57649,HTTP,Dropped,788539,Critical
2024-12-13 19:17:26,104.27.193.156,164.181.129.97,17556,54717,TCP,Quarantined,20324,Low
2024-12-03 02:01:10,148.42.32.213,111.173.85.238,63409,22936,UDP,Allowed,819182,Low
2024-12-17 19:36:51,76.69.84.129,189.64.233.188,50453,2034,UDP,Blocked,879995,Low
2024-12-01 05:53:46,5.126.64.3,168.186.126.207,41743,9987,UDP,Blocked,496564,Low
2024-12-07 18:55:32,61.134.160.246,193.72.124.126,37984,62113,UDP,Quarantined,733442,High
2024-12-05 11:53:02,108.237.80.129,206.139.3.255,51283,24176,UDP,Allowed,815573,Medium
2024-12-05 23:20:44,136.206.76.77,153.129.165.154,64247,20385,TCP,Allowed,974008,High
2024-12-03 06:30:49,205.166.44.46,101.235.231.62,38759,44391,HTTP,Quarantined,987203,Medium
2024-12-01 09:03:32,183.25.117.39,223.35.183.194,6004,38804,FTP,Blocked,106851,High
2024-12-13 06:33:21,208.200.113.66,76.109.156.190,56748,44844,HTTPS,Allowed,834904,Low
2024-12-06 07:34:02,2.119.181.115,117.234.23.94,23778,34914,HTTP,Dropped,72306,High
2024-12-10 03:48:45,203.142.75.113,191.33.186.40,1853,55678,HTTP,Quarantined,110665,Critical
2024-12-05 04:18:15,78.198.132.169,80.198.222.113,63990,23737,FTP,Quarantined,741666,Medium
2024-12-10 22:17:08,161.31.41.34,80.105.217.42,29564,11544,FTP,Dropped,645830,Critical
2024-12-07 00:00:47,71.193.228.69,210.250.155.184,31489,28546,FTP,Dropped,337960,Medium
2024-12-11 14:26:30,75.226.246.63,122.71.230.32,55466,61252,TCP,Dropped,924457,Critical
2024-12-04 02:58:45,1.237.201.105,4.201.245.166,17005,49184,HTTP,Quarantined,352737,Low
2024-12-07 11:00:56,213.204.28.50,178.138.117.239,33418,55769,ICMP,Blocked,511233,Medium
2024-12-06 15:29:23,28.175.0.125,79.65.133.10,24277,52287,ICMP,Dropped,293243,High
2024-12-13 03:22:26,25.221.120.44,121.16.46.110,37448,666,HTTPS,Blocked,89771,Medium
2024-12-09 00:03:25,138.195.26.79,143.115.213.128,48214,26636,HTTP,Blocked,724156,Critical
2024-12-05 01:49:13,48.89.220.218,205.103.122.191,43353,46652,HTTP,Quarantined,831450,Low
2024-12-12 16:07:38,141.155.246.99,199.90.109.73,7122,19284,UDP,Quarantined,725391,Medium
2024-12-09 22:20:23,165.75.126.61,71.1.117.240,21091,43514,HTTPS,Dropped,496249,High
2024-12-01 19:54:00,168.141.116.83,5.212.128.158,28909,65316,FTP,Dropped,368900,Critical
2024-12-14 23:26:04,7.189.114.18,128.24.42.159,18778,20095,ICMP,Blocked,126516,Medium
2024-12-13 08:00:08,129.87.62.86,95.193.91.74,21703,7836,FTP,Blocked,200845,Medium
2024-12-14 03:24:16,58.107.163.252,173.17.252.69,49429,31733,ICMP,Dropped,105409,Medium
2024-12-06 16:00:28,177.187.197.189,152.205.226.223,20438,14909,ICMP,Blocked,316950,Low
2024-12-16 20:48:21,223.132.79.86,144.136.219.37,47424,35006,UDP,Dropped,47726,Low
2024-12-17 22:09:21,176.28.30.179,31.133.247.221,37288,19146,FTP,Blocked,668854,Critical
2024-12-09 07:44:04,202.83.178.82,213.79.122.88,7747,57195,TCP,Dropped,492198,Critical
2024-12-05 07:37:16,67.87.21.172,137.163.28.139,29890,22329,UDP,Allowed,264742,Critical
2024-12-17 10:46:11,149.131.16.163,11.191.115.30,8500,53879,TCP,Quarantined,515633,Low
2024-12-17 22:14:33,26.155.154.12,92.212.118.145,38839,41252,FTP,Allowed,159097,Medium
2024-12-11 15:13:11,198.204.102.223,83.174.44.63,54183,36887,ICMP,Allowed,260247,Low
2024-12-10 00:38:01,45.89.232.21,162.126.37.134,37597,50099,HTTP,Blocked,813373,Critical
2024-12-04 16:36:48,198.46.53.35,222.148.217.226,30548,59540,HTTP,Dropped,901950,Critical
2024-12-05 00:26:02,110.91.87.241,8.231.241.90,21037,37266,HTTPS,Allowed,639244,Low
2024-12-10 14:35:05,177.74.222.203,18.172.30.220,63125,49987,UDP,Blocked,277501,Low
2024-12-13 01:57:29,12.88.132.39,74.88.44.115,11316,15720,UDP,Allowed,164136,Low
2024-12-08 05:51:36,155.242.2.168,62.69.143.40,27796,29525,FTP,Quarantined,305407,Low
2024-12-01 09:13:59,31.168.53.48,36.209.21.150,16194,18882,FTP,Dropped,737135,Critical
2024-12-18 09:47:44,101.120.244.104,195.215.153.229,5688,45049,UDP,Dropped,826097,Medium
2024-12-12 03:37:38,150.2.122.231,118.210.88.18,28885,7522,HTTPS,Blocked,679094,Medium
2024-12-09 23:57:44,73.55.68.11,34.55.149.17,60557,17409,UDP,Allowed,62535,Medium
2024-12-18 07:21:14,216.7.225.120,154.101.227.254,52969,20160,HTTPS,Dropped,460485,Low
2024-12-11 22:32:45,120.212.234.163,210.79.191.214,31740,45134,ICMP,Quarantined,988467,High
2024-12-03 22:39:36,78.52.224.4,116.182.175.148,33822,35389,HTTP,Quarantined,84349,Low
2024-12-04 19:14:27,202.61.119.101,166.140.238.178,59313,28314,FTP,Dropped,633039,High
2024-12-16 05:16:33,110.160.220.227,36.114.41.113,2719,5986,UDP,Allowed,801909,High
2024-12-06 06:58:07,105.141.143.83,206.34.44.154,38788,2637,UDP,Quarantined,544173,Critical
2024-12-05 06:51:02,13.118.128.219,79.51.19.198,61059,18230,UDP,Quarantined,665620,Critical
2024-12-09 06:19:51,200.170.9.142,113.56.207.82,64532,5980,HTTP,Dropped,428184,High
2024-12-10 17:56:02,56.182.28.223,100.185.12.166,22064,43918,TCP,Blocked,345824,Critical
2024-12-06 10:26:27,182.140.65.47,113.171.90.138,46484,32472,ICMP,Quarantined,853085,Low
2024-12-11 09:29:17,60.155.74.101,157.183.27.92,30831,5772,ICMP,Dropped,338977,Low
2024-12-02 20:43:07,27.191.218.57,116.6.43.115,64606,50630,HTTP,Allowed,689606,Critical
2024-12-17 00:34:14,174.52.173.144,26.209.72.168,28106,3553,UDP,Dropped,652878,Critical
2024-12-16 01:21:15,215.48.26.190,17.235.227.150,42010,28970,TCP,Blocked,280028,Medium
2024-12-13 12:02:33,10.74.205.225,78.147.173.174,61819,18877,HTTP,Quarantined,127324,Low
2024-12-13 02:38:04,119.101.19.88,55.62.128.167,64800,41290,HTTPS,Blocked,744261,Medium
2024-12-05 17:15:28,202.2.228.249,192.181.164.249,21389,36100,TCP,Quarantined,97736,Medium
2024-12-08 06:32:10,13.97.24.213,204.34.200.116,56166,59830,TCP,Quarantined,993065,Low
2024-12-10 18:06:01,183.207.109.16,90.218.6.160,43472,54536,UDP,Quarantined,977957,High
2024-12-09 16:13:50,40.219.126.5,222.69.182.25,34373,46230,ICMP,Quarantined,875271,Critical
2024-12-09 00:05:15,64.207.87.66,57.224.128.53,65265,30948,UDP,Quarantined,578043,Medium
2024-12-09 02:19:57,99.241.229.37,167.251.152.7,26162,12492,HTTPS,Blocked,905997,Low
2024-12-17 09:05:24,37.253.112.134,108.125.235.40,19128,50639,HTTP,Dropped,979630,High
2024-12-03 06:45:36,16.7.185.231,76.111.123.87,54799,169,ICMP,Dropped,878157,Critical
2024-12-06 10:53:58,136.116.95.117,65.150.95.63,57729,9739,HTTP,Quarantined,361888,High
2024-12-08 01:24:13,154.91.153.165,118.207.215.194,37194,49996,HTTPS,Quarantined,477463,High
2024-12-08 15:45:08,115.168.37.238,96.147.21.187,58014,12364,FTP,Blocked,599573,Critical
2024-12-17 12:58:10,140.44.253.240,199.238.58.24,16330,56100,HTTP,Allowed,333632,Critical
2024-12-04 09:58:36,129.210.70.204,142.99.87.190,47241,59863,HTTP,Quarantined,695928,Medium
2024-12-02 11:39:49,188.208.90.215,219.179.70.159,33485,63231,TCP,Blocked,526690,High
2024-12-18 13:05:37,168.156.28.26,110.45.19.204,58020,6578,HTTP,Allowed,551499,Critical
2024-12-11 18:34:42,161.234.123.135,101.196.42.241,2029,47347,UDP,Quarantined,913239,Medium
2024-12-13 03:20:21,168.98.22.112,49.250.228.191,5927,30769,ICMP,Dropped,653534,Critical
2024-12-14 13:32:01,105.20.62.198,115.151.167.181,43611,5264,ICMP,Quarantined,332043,Critical
2024-12-11 08:03:41,175.229.168.192,125.98.96.96,58196,35457,TCP,Allowed,246174,High
2024-12-12 20:35:27,141.47.201.71,192.77.17.174,15932,48941,TCP,Quarantined,103225,Low
2024-12-01 22:24:57,102.7.246.195,169.58.193.235,30100,10903,FTP,Dropped,947308,Low
2024-12-03 20:29:04,35.238.171.56,6.138.130.183,4038,21259,TCP,Dropped,375876,High
2024-12-08 14:39:58,201.164.33.29,150.230.47.10,29249,9541,UDP,Quarantined,593418,Medium
2024-12-09 10:58:44,16.213.238.58,2.135.212.140,12164,11474,TCP,Quarantined,649813,Medium
2024-12-11 20:02:31,20.228.226.27,174.54.208.181,33639,59824,HTTPS,Blocked,243467,Critical
2024-12-04 20:07:31,219.225.119.95,42.181.127.10,42829,16645,HTTP,Dropped,699233,Low
2024-12-10 20:18:31,22.117.77.232,203.165.211.37,59934,52733,HTTP,Dropped,710526,Medium
2024-12-11 22:42:41,180.32.43.95,101.114.2.168,5864,28950,ICMP,Dropped,669975,Critical
2024-12-09 15:06:59,56.77.81.213,66.171.62.114,46264,16391,HTTP,Dropped,208894,Critical
2024-12-16 12:29:27,87.223.54.193,16.22.39.223,56948,31668,TCP,Blocked,399889,High
2024-12-01 05:46:10,221.140.83.16,192.43.110.128,38694,19391,FTP,Dropped,23005,Critical
2024-12-01 10:47:44,111.106.132.64,171.79.226.106,19012,531,HTTPS,Allowed,954851,Critical
2024-12-08 10:18:40,119.220.70.31,133.242.156.173,55604,59255,ICMP,Blocked,636553,High
2024-12-11 22:21:49,27.14.117.18,171.211.120.16,15376,41722,UDP,Dropped,710687,Medium
2024-12-04 19:29:53,152.233.149.151,12.126.152.135,42196,6368,FTP,Allowed,323939,Critical
2024-12-09 03:21:37,37.198.110.54,10.16.184.138,3210,37983,ICMP,Blocked,94511,High
2024-12-13 20:28:15,42.124.213.134,70.178.98.12,22435,48987,HTTP,Blocked,210548,Medium
2024-12-12 11:07:36,217.243.62.208,92.96.57.192,52568,35351,ICMP,Dropped,870813,Medium
2024-12-11 04:55:43,171.156.94.120,86.181.13.109,17864,59904,HTTP,Dropped,782824,High
2024-12-08 16:02:14,168.143.64.37,33.75.95.22,53730,7548,HTTP,Allowed,147594,Medium
2024-12-08 04:30:32,107.187.55.89,45.46.55.98,57394,44324,FTP,Quarantined,886827,High
2024-12-05 19:10:53,71.202.198.58,135.155.102.224,6942,51819,HTTP,Allowed,277304,Low
2024-12-02 23:51:03,100.138.121.25,36.63.65.103,30828,24156,FTP,Dropped,612955,Critical
2024-12-16 18:30:40,78.169.56.116,148.111.87.28,54921,41848,ICMP,Allowed,707617,Medium
2024-12-08 05:02:30,13.39.13.188,36.225.153.254,31922,1641,HTTPS,Dropped,959715,Medium
2024-12-17 18:12:22,56.24.72.186,163.122.14.113,43468,4143,FTP,Quarantined,953562,High
2024-12-14 05:00:45,141.215.60.223,132.210.96.161,43572,26759,TCP,Blocked,47549,Low
2024-12-11 23:26:02,187.231.225.111,208.208.120.102,20970,65270,HTTP,Allowed,101913,Medium
2024-12-03 19:35:45,86.182.183.40,8.53.225.212,59171,35229,UDP,Quarantined,475679,High
2024-12-06 03:50:21,137.221.90.231,207.211.43.147,44964,62219,FTP,Quarantined,615870,Medium
2024-12-10 00:06:55,133.86.166.210,153.53.156.175,59050,27190,FTP,Allowed,874190,Critical
2024-12-10 17:26:02,144.72.54.118,213.213.25.165,41371,26747,ICMP,Allowed,723811,High
2024-12-01 05:07:12,155.213.217.223,147.127.252.70,15262,29058,HTTP,Blocked,897004,High
2024-12-06 11:03:55,160.191.155.80,97.201.134.61,7535,64287,FTP,Dropped,570913,High
2024-12-07 09:49:41,149.133.83.114,125.161.184.98,4992,26093,ICMP,Blocked,128093,Critical
2024-12-16 06:05:39,93.58.115.168,190.126.233.49,7031,43436,UDP,Allowed,53035,High
2024-12-06 08:47:10,115.123.198.167,197.191.89.131,16986,64804,UDP,Blocked,71942,Medium
2024-12-10 22:45:38,3.188.26.161,43.252.108.58,39453,14153,UDP,Dropped,811984,Medium
2024-12-12 14:19:18,75.89.51.47,193.175.141.45,52708,59018,HTTPS,Allowed,290743,Medium
2024-12-05 23:16:42,185.67.54.177,17.117.164.129,9543,35404,ICMP,Blocked,115266,Low
2024-12-10 03:29:14,35.233.45.242,183.184.11.2,9661,974,ICMP,Blocked,617457,High
2024-12-04 17:55:16,55.36.163.62,8.26.86.216,2058,11420,ICMP,Allowed,132915,Critical
2024-12-04 00:06:09,141.199.192.176,190.206.167.121,35501,7449,FTP,Allowed,499380,Critical
2024-12-13 21:18:53,88.114.63.144,193.248.99.243,52012,23727,HTTPS,Allowed,473962,Medium
2024-12-06 22:12:50,137.52.79.46,130.52.102.51,62982,40312,TCP,Dropped,480292,Low
2024-12-03 08:24:53,74.30.156.241,76.251.63.47,5010,65444,HTTP,Quarantined,446980,Low
2024-12-16 16:08:13,208.206.51.85,157.191.242.80,33154,46688,HTTP,Allowed,942949,Low
2024-12-11 12:10:03,56.242.18.45,191.136.49.198,22133,39866,UDP,Allowed,132321,High
2024-12-08 23:33:48,142.114.108.230,210.219.20.38,41939,41490,HTTPS,Dropped,399407,High
2024-12-08 19:32:39,78.153.81.95,160.232.172.143,30758,33132,HTTPS,Quarantined,103996,Low
2024-12-10 20:36:12,86.196.84.81,162.87.154.84,56912,42908,FTP,Blocked,450961,Critical
2024-12-08 23:32:39,109.90.239.79,217.74.23.76,59225,14975,HTTP,Dropped,867611,Critical
2024-12-03 16:50:38,2.162.8.2,180.238.24.94,27155,27263,FTP,Allowed,327730,Critical
2024-12-11 13:16:01,122.102.156.168,42.191.163.58,21505,43589,ICMP,Dropped,999914,Medium
2024-12-09 07:04:00,48.93.218.168,16.210.8.227,46035,60489,HTTP,Allowed,95656,Low
2024-12-11 16:22:26,39.225.23.151,197.108.185.100,7133,28304,TCP,Dropped,851201,Medium
2024-12-14 09:02:25,108.16.179.2,35.173.130.2,37486,3931,HTTPS,Dropped,702559,Low
2024-12-05 06:21:56,162.168.125.105,126.142.183.244,27946,23174,FTP,Quarantined,910260,Low
2024-12-12 14:31:38,164.0.72.223,189.26.25.63,64488,18851,HTTPS,Dropped,368727,Low
2024-12-10 12:27:26,154.217.156.29,222.235.65.9,38898,33254,UDP,Blocked,688637,Critical
2024-12-13 08:50:07,112.84.34.231,210.212.147.168,15720,55528,TCP,Dropped,886438,High
2024-12-14 15:07:18,52.10.190.113,47.207.33.104,8553,49979,ICMP,Blocked,846432,Critical
2024-12-05 11:14:00,183.197.114.67,7.78.109.197,56412,36764,HTTPS,Allowed,638577,High
2024-12-01 05:16:48,44.211.120.97,223.199.91.25,2921,11824,ICMP,Dropped,966302,High
2024-12-04 05:13:47,195.223.63.165,204.178.108.244,24028,401,UDP,Blocked,593830,Critical
2024-12-06 22:04:17,60.50.105.104,89.197.12.35,5584,9298,FTP,Allowed,96214,Medium
2024-12-11 16:18:25,91.206.229.62,209.171.137.98,25678,27515,HTTP,Dropped,165055,High
2024-12-02 07:15:08,129.65.138.141,8.1.192.11,21447,47291,ICMP,Allowed,926251,Low
2024-12-01 14:38:18,167.147.86.31,106.223.253.188,11220,10317,HTTPS,Allowed,706707,Low
2024-12-07 04:29:31,47.25.130.217,64.109.90.157,18856,29040,FTP,Quarantined,509253,Critical
2024-12-07 10:49:40,117.49.93.54,154.112.209.168,28167,17903,UDP,Allowed,361939,Critical
2024-12-02 07:32:22,186.172.147.24,147.63.134.129,8291,18563,FTP,Quarantined,552530,High
2024-12-03 13:58:19,150.230.114.248,208.119.5.117,4000,14452,HTTP,Allowed,8060,Medium
2024-12-12 14:27:47,166.220.219.37,53.199.195.237,20777,61953,UDP,Blocked,801280,High
2024-12-15 20:51:18,86.3.6.28,158.61.254.146,19993,21504,TCP,Allowed,521546,Critical
2024-12-04 16:17:06,90.123.29.176,20.15.167.9,12538,8467,HTTP,Blocked,524563,High
2024-12-08 11:22:19,14.235.166.247,17.16.173.104,5747,26023,FTP,Allowed,457409,Low
2024-12-14 11:39:48,64.34.94.180,122.89.117.122,31154,60370,TCP,Dropped,603727,Critical
2024-12-15 02:50:17,94.174.6.10,101.53.80.64,38602,26505,FTP,Quarantined,303578,Low
2024-12-16 02:54:07,4.83.3.14,21.213.223.109,27568,1367,ICMP,Blocked,840247,Critical
2024-12-07 21:31:37,149.180.117.55,219.70.28.50,55551,45195,ICMP,Allowed,457925,Low
2024-12-09 13:17:35,43.211.117.212,7.130.68.141,16969,28553,HTTPS,Quarantined,549414,Low
2024-12-07 05:44:09,2.127.236.96,156.162.25.5,26960,57051,ICMP,Dropped,232335,High
2024-12-12 15:31:07,21.151.176.115,178.158.21.209,52084,11019,TCP,Allowed,556379,Medium
2024-12-09 22:22:19,80.96.164.93,157.232.110.195,60394,50871,ICMP,Dropped,762712,Medium
2024-12-14 12:45:58,179.128.147.178,146.52.138.6,16508,6738,UDP,Dropped,206854,Medium
2024-12-01 12:33:48,170.191.48.29,85.64.18.9,40502,10019,FTP,Allowed,185751,Critical
2024-12-05 00:44:04,28.21.162.76,207.94.60.38,31429,49444,HTTPS,Quarantined,714220,High
2024-12-05 13:47:34,14.183.120.84,71.53.178.122,57663,63634,FTP,Dropped,158290,Critical
2024-12-09 00:47:50,182.221.32.166,113.218.121.112,5499,30732,HTTP,Dropped,835012,High
2024-12-05 08:52:52,87.227.39.66,223.173.75.144,39783,3682,ICMP,Allowed,325486,Critical
2024-12-14 17:49:27,133.211.171.210,134.201.227.149,30640,2465,TCP,Dropped,872097,High
2024-12-04 06:49:51,94.71.194.182,185.207.252.173,6052,42249,TCP,Quarantined,485188,Low
2024-12-05 22:37:39,92.1.127.244,56.76.135.89,30497,59576,HTTPS,Blocked,337145,Critical
2024-12-08 09:12:32,78.162.227.252,139.100.60.37,33881,9887,TCP,Quarantined,108529,High
2024-12-07 17:07:16,111.96.234.138,19.98.38.157,65405,46814,TCP,Blocked,41043,Medium
2024-12-04 13:46:00,187.189.136.112,136.174.110.76,47398,28689,HTTP,Blocked,381574,High
2024-12-15 13:13:43,4.116.100.192,191.213.5.9,61181,18540,HTTP,Quarantined,812085,High
2024-12-10 04:56:00,159.131.180.155,212.177.154.229,45516,39184,TCP,Dropped,69113,High
2024-12-08 02:22:31,133.49.202.136,146.10.141.103,7217,36567,FTP,Quarantined,297949,High
2024-12-02 16:00:26,169.83.133.154,129.219.31.39,48454,55809,FTP,Blocked,349555,Low
2024-12-01 15:09:58,113.244.13.186,192.134.218.227,39214,43491,UDP,Dropped,325301,Critical
2024-12-15 08:10:13,116.163.146.178,41.155.145.80,9474,38997,FTP,Allowed,324620,Critical
2024-12-13 10:50:38,36.145.149.83,93.100.153.158,43195,51883,ICMP,Blocked,702667,Low
2024-12-09 09:29:27,91.182.162.232,60.52.71.178,43361,43940,HTTP,Dropped,19116,High
2024-12-12 22:23:58,162.31.248.102,91.40.81.121,21265,11814,UDP,Dropped,993702,Critical
2024-12-07 13:17:13,98.57.4.25,84.17.175.84,13607,14847,UDP,Blocked,80913,High
2024-12-16 23:59:34,207.141.203.198,181.81.15.235,56364,51651,TCP,Allowed,694083,High
2024-12-06 14:14:57,27.116.61.20,191.165.53.247,58459,50221,HTTPS,Blocked,626258,Critical
2024-12-04 08:53:33,61.135.113.15,8.28.44.211,11133,10634,UDP,Blocked,756215,Critical
2024-12-14 20:54:12,223.2.152.87,191.203.222.75,3887,26927,ICMP,Blocked,465776,High
2024-12-06 15:15:33,46.214.184.196,70.193.217.19,50332,49057,HTTP,Blocked,559951,Medium
2024-12-06 04:22:41,57.9.108.153,89.75.62.196,21305,63282,HTTP,Blocked,385709,Critical
2024-12-16 15:09:46,154.254.8.97,185.70.51.2,31280,50426,ICMP,Quarantined,527335,Critical
2024-12-01 20:12:39,118.115.149.32,159.101.23.219,64349,10621,UDP,Blocked,915408,High
2024-12-15 12:14:54,177.83.100.189,213.242.59.25,4443,42021,HTTP,Dropped,581478,Low
2024-12-13 06:26:57,75.245.13.4,24.244.164.17,47646,55437,HTTPS,Allowed,298910,Low
2024-12-04 02:34:47,59.160.50.84,111.76.206.195,51035,10507,ICMP,Quarantined,949282,Medium
2024-12-04 01:13:35,42.197.242.110,121.190.132.191,55487,28671,TCP,Blocked,856375,Critical
2024-12-04 16:22:43,99.60.189.106,93.137.84.212,58999,22911,TCP,Quarantined,55843,Critical
2024-12-06 11:24:19,63.173.12.93,185.49.34.108,33923,24508,UDP,Quarantined,85569,High
2024-12-15 20:19:07,8.231.158.226,213.72.248.212,15739,1848,ICMP,Allowed,879940,High
2024-12-06 15:39:25,22.210.43.254,49.188.61.102,52887,9572,UDP,Allowed,300814,Critical
2024-12-08 22:54:08,55.83.228.237,178.251.66.119,46641,54468,UDP,Quarantined,470392,Low
2024-12-10 12:14:39,166.3.75.124,91.116.58.162,60390,5193,TCP,Dropped,226130,Medium
2024-12-17 03:10:05,119.112.242.247,58.187.167.181,36990,61619,FTP,Quarantined,116587,High
2024-12-11 20:06:25,16.61.198.224,51.123.148.19,16597,19737,TCP,Allowed,250021,Critical
2024-12-13 19:14:32,85.206.40.187,139.201.219.32,42898,52029,HTTPS,Quarantined,65858,Low
2024-12-05 20:45:26,219.102.119.75,219.40.51.1,55857,59320,HTTP,Allowed,662652,Medium
2024-12-13 02:44:03,206.169.72.118,192.12.34.55,48114,9410,ICMP,Quarantined,1640,High
2024-12-13 13:52:21,37.27.248.199,77.224.1.145,16789,37400,HTTP,Blocked,696643,Low
2024-12-08 12:31:53,157.153.76.126,77.239.68.10,35331,63875,ICMP,Allowed,999716,Low
2024-12-13 23:21:55,169.202.140.72,10.55.190.152,26612,57235,HTTP,Allowed,666549,Critical
2024-12-16 04:12:31,71.101.102.217,175.201.2.130,65317,24465,ICMP,Allowed,374440,Low
2024-12-15 16:44:32,65.74.53.212,81.171.64.61,23620,15803,FTP,Allowed,808977,High
2024-12-10 07:07:16,212.184.60.229,165.167.4.107,9767,2906,ICMP,Dropped,853025,Medium
2024-12-10 15:48:09,144.92.169.253,68.5.33.101,55444,51062,FTP,Quarantined,729168,Critical
2024-12-13 02:14:36,31.214.220.95,150.68.108.119,42425,11946,UDP,Allowed,750827,Critical
2024-12-06 14:47:28,32.197.203.240,157.131.109.165,3447,19232,UDP,Allowed,829538,Medium
2024-12-15 12:32:41,13.12.200.221,20.68.199.246,59075,2747,ICMP,Dropped,540418,Critical
2024-12-14 10:05:42,170.169.213.34,217.142.158.241,54462,35589,HTTP,Dropped,38399,Medium
2024-12-03 07:34:14,138.165.97.149,177.30.28.44,19774,23395,TCP,Dropped,286488,Low
2024-12-05 06:50:53,74.68.148.104,4.227.47.215,53409,24119,HTTP,Quarantined,779414,Critical
2024-12-11 12:51:33,40.221.122.226,163.205.53.191,59654,62684,HTTP,Dropped,195892,Critical
2024-12-15 10:19:09,54.120.223.146,78.235.71.129,46379,32606,ICMP,Dropped,840064,Low
2024-12-10 11:25:23,130.69.92.202,82.1.175.192,48674,27821,TCP,Quarantined,631718,Medium
2024-12-06 05:11:44,22.80.50.166,11.163.226.96,36772,19253,ICMP,Allowed,83958,High
2024-12-18 02:42:21,117.220.218.155,195.175.70.211,44338,19376,ICMP,Quarantined,631894,Critical
2024-12-12 20:54:03,81.160.118.217,183.49.205.92,11945,45205,HTTP,Dropped,468849,Low
2024-12-01 06:30:15,137.137.84.126,210.22.18.73,48656,57019,ICMP,Quarantined,287892,Low
2024-12-01 04:36:50,24.117.148.142,200.145.54.249,5941,43987,FTP,Quarantined,380959,Medium
2024-12-08 17:50:14,202.25.66.110,201.176.128.99,63466,2041,UDP,Quarantined,36489,Medium
2024-12-12 05:48:26,26.147.52.171,109.67.26.13,5430,15467,FTP,Dropped,379742,Critical
2024-12-13 22:45:28,161.56.209.108,184.149.203.140,63248,37175,TCP,Blocked,712048,Critical
2024-12-09 06:37:50,11.106.36.204,52.176.131.34,63206,24312,ICMP,Quarantined,800152,Low
2024-12-13 15:00:56,42.114.138.37,172.198.22.198,38636,9024,HTTPS,Dropped,417368,High
2024-12-14 10:32:54,180.94.3.248,206.187.7.244,43593,18265,UDP,Allowed,27172,Medium
2024-12-06 12:11:20,57.115.2.161,166.42.187.143,33729,33931,HTTP,Allowed,274492,High
2024-12-05 19:52:15,79.114.40.76,221.73.49.160,47163,29247,UDP,Dropped,727691,Critical
2024-12-15 12:39:15,115.145.153.240,190.76.106.238,14142,8038,UDP,Allowed,474001,Medium
2024-12-02 22:59:56,175.25.161.52,54.230.140.62,59919,46752,HTTP,Allowed,849884,High
2024-12-04 20:05:57,125.28.227.142,26.250.24.0,44791,22769,FTP,Allowed,576713,High
2024-12-02 06:29:31,209.94.55.188,54.36.65.129,59438,19658,UDP,Blocked,832250,High
2024-12-02 02:22:52,118.34.112.94,8.246.62.218,34365,14696,TCP,Blocked,830541,Medium
2024-12-14 08:53:35,141.70.124.34,213.216.137.229,16538,51798,HTTP,Allowed,378427,High
2024-12-07 10:48:24,128.162.97.239,179.98.88.114,31655,52669,HTTPS,Blocked,641674,Low
2024-12-18 07:04:39,223.89.196.145,73.194.110.75,5332,20270,HTTP,Quarantined,551231,Critical
2024-12-14 23:40:41,27.227.161.113,106.90.149.54,51431,26833,HTTPS,Allowed,131414,High
2024-12-07 19:32:03,8.70.209.162,204.123.81.103,43120,4861,HTTP,Quarantined,713145,High
2024-12-12 03:08:48,25.173.26.32,13.77.231.208,9434,57538,HTTPS,Blocked,805077,Medium
2024-12-10 18:14:28,154.196.230.128,41.244.22.247,29376,32956,TCP,Allowed,543269,Medium
2024-12-07 03:30:50,12.189.58.89,55.235.182.207,20955,10791,UDP,Dropped,980143,Medium
2024-12-08 05:16:48,165.9.150.205,1.115.150.105,23700,62095,HTTPS,Dropped,887025,Low
2024-12-07 13:21:24,29.165.6.230,90.4.92.239,17447,12865,FTP,Dropped,131250,High
2024-12-07 01:50:31,200.93.100.54,75.105.152.213,41291,34963,TCP,Blocked,620556,Medium
2024-12-15 13:42:03,31.3.254.213,202.81.186.71,12243,43171,HTTPS,Dropped,883456,Low
2024-12-05 12:11:16,198.11.116.52,146.56.245.141,55106,56609,TCP,Allowed,47670,High
2024-12-09 21:43:13,187.190.206.57,136.214.254.56,43696,13816,HTTPS,Quarantined,648133,Low
2024-12-17 01:47:19,43.110.114.250,58.161.126.155,33663,58262,FTP,Dropped,673088,High
2024-12-17 01:30:05,124.83.112.41,79.101.131.151,32674,16049,FTP,Quarantined,311882,Critical
2024-12-12 09:38:10,198.171.74.81,135.116.217.122,5806,45129,TCP,Blocked,460959,Critical
2024-12-01 11:35:57,11.63.159.159,180.95.113.109,32759,30438,UDP,Dropped,636129,Medium
2024-12-03 14:19:35,24.69.116.131,1.166.70.211,21509,56459,FTP,Dropped,769864,High
2024-12-07 22:35:23,212.144.179.246,146.110.24.221,64946,26131,UDP,Dropped,539995,Low
2024-12-17 07:22:37,131.89.64.126,125.50.26.83,21937,15843,HTTP,Allowed,280464,Critical
2024-12-04 19:07:55,57.7.154.22,138.59.87.187,17271,9233,TCP,Allowed,304309,Critical
2024-12-16 03:46:40,203.73.196.39,29.86.243.44,57657,40330,HTTP,Blocked,907340,Medium
2024-12-02 06:49:57,163.227.11.84,22.186.32.6,54336,21459,HTTPS,Dropped,199055,Medium
2024-12-03 18:50:07,184.44.7.58,16.209.179.211,33678,65272,HTTPS,Quarantined,522987,High
2024-12-03 01:58:20,112.218.125.38,196.85.33.60,33619,1519,TCP,Quarantined,529996,Critical
2024-12-01 16:16:47,134.21.176.157,142.128.189.148,64376,15777,UDP,Dropped,51021,Low
2024-12-15 17:32:04,137.142.253.78,121.199.84.212,19462,32434,HTTPS,Quarantined,299628,Low
2024-12-03 22:16:01,61.227.254.252,120.76.80.225,56544,7045,HTTP,Blocked,925321,High
2024-12-04 03:51:47,92.168.96.110,180.6.55.139,48701,23972,HTTP,Dropped,47440,Critical
2024-12-15 18:41:03,159.239.186.215,147.1.160.94,4376,37374,HTTPS,Blocked,380133,High
2024-12-05 14:13:34,137.224.242.153,164.31.251.168,5842,25320,HTTPS,Quarantined,801535,High
2024-12-14 11:59:24,201.49.24.255,216.145.223.33,55111,64822,HTTPS,Allowed,134913,Low
2024-12-01 12:35:29,160.124.17.63,104.71.64.11,26838,24458,ICMP,Dropped,791638,Medium
2024-12-01 09:29:51,184.11.185.209,33.39.212.126,14069,39484,HTTPS,Quarantined,524369,Low
2024-12-07 07:11:43,195.109.221.183,213.123.155.233,3993,2551,UDP,Dropped,843019,Critical
2024-12-05 01:10:53,91.94.159.229,35.50.154.189,35058,29950,UDP,Blocked,343897,High
2024-12-13 15:01:33,91.197.40.187,4.140.217.79,11673,25753,HTTPS,Dropped,622565,High
2024-12-03 16:01:28,45.125.115.21,200.251.198.240,34271,54283,HTTPS,Quarantined,743167,High
2024-12-16 12:07:29,109.28.62.232,130.41.105.213,32146,53461,TCP,Dropped,347329,Low
2024-12-15 13:12:52,200.177.180.155,53.230.52.243,65242,27299,HTTPS,Dropped,835457,Low
2024-12-17 10:32:54,51.183.4.250,189.43.95.205,40143,31103,ICMP,Blocked,756442,Low
2024-12-18 10:46:47,34.108.36.151,213.126.46.72,39265,31487,UDP,Quarantined,154954,Medium
2024-12-12 18:00:53,221.120.132.13,164.245.9.240,3093,37524,FTP,Allowed,200051,Low
2024-12-11 12:20:43,80.144.20.166,21.183.124.8,29927,20559,HTTP,Blocked,433020,Medium
2024-12-11 03:29:44,63.202.138.0,45.102.190.167,27918,32888,HTTPS,Quarantined,915215,Low
2024-12-17 03:54:01,50.34.93.126,80.135.157.156,47277,9050,HTTPS,Blocked,588132,High
2024-12-11 08:32:37,97.140.80.7,194.223.217.239,44423,31351,HTTPS,Quarantined,328993,Medium
2024-12-05 13:50:52,194.134.148.94,31.185.84.240,31148,59777,HTTPS,Dropped,572808,High
2024-12-08 20:02:53,134.16.181.149,124.150.11.187,45317,50594,FTP,Dropped,639711,Critical
2024-12-01 12:55:39,162.236.33.41,209.148.68.45,13624,62741,UDP,Dropped,585196,High
2024-12-01 17:09:32,111.33.237.49,87.111.63.121,15760,61702,ICMP,Dropped,739142,Medium
2024-12-05 23:48:26,94.245.0.61,86.204.62.237,46259,46203,HTTP,Dropped,503110,High
2024-12-18 05:54:13,70.141.164.240,106.246.71.199,37756,61191,FTP,Dropped,301769,Low
2024-12-02 09:28:02,68.194.24.173,140.42.1.52,38607,44344,HTTPS,Quarantined,939272,Critical
2024-12-11 00:02:29,130.221.117.60,144.18.1.50,54657,22619,UDP,Dropped,44109,High
2024-12-11 02:01:10,125.90.188.228,198.65.165.104,63631,46802,TCP,Dropped,968894,Critical
2024-12-12 00:38:07,49.149.230.232,115.211.103.10,44013,16807,FTP,Quarantined,224381,Medium
2024-12-12 12:08:57,24.144.189.90,18.224.13.191,55284,35297,ICMP,Dropped,143941,Low
2024-12-14 13:57:00,186.194.143.59,95.239.128.88,41373,48556,HTTPS,Blocked,254235,Low
2024-12-13 13:41:35,62.114.37.109,68.12.62.151,44922,59323,HTTPS,Blocked,668933,Medium
2024-12-15 19:38:38,90.253.10.226,30.221.239.213,4464,6567,HTTP,Dropped,752204,Critical
2024-12-12 03:33:36,201.173.36.185,126.146.123.157,7613,44643,UDP,Allowed,577086,Medium
2024-12-12 03:40:05,147.215.113.91,11.161.182.24,27691,42788,HTTP,Quarantined,682139,Medium
2024-12-16 14:01:45,198.73.89.253,66.231.160.106,50563,63172,ICMP,Dropped,299279,Low
2024-12-11 23:03:38,140.31.114.108,1.134.164.216,60526,50380,TCP,Blocked,561147,Low
2024-12-10 06:40:05,11.19.107.75,139.222.83.80,60873,60390,UDP,Quarantined,925100,Medium
2024-12-14 08:50:19,205.237.66.133,97.42.90.249,62229,60270,TCP,Quarantined,826236,Critical
2024-12-18 09:39:00,116.198.248.121,181.138.217.4,13234,61382,FTP,Dropped,919331,Low
2024-12-04 23:05:32,25.11.254.107,77.234.104.190,1631,19556,HTTPS,Allowed,973555,High
2024-12-14 04:00:58,204.89.228.90,68.163.28.161,19673,29777,FTP,Quarantined,932456,Medium
2024-12-14 22:28:39,139.245.55.175,117.241.129.178,56799,33045,HTTP,Dropped,202177,Low
2024-12-11 03:26:06,101.77.37.106,171.134.22.55,22695,10650,FTP,Quarantined,679776,High
2024-12-12 13:55:25,124.153.171.112,145.129.26.72,48118,12203,TCP,Dropped,829179,High
2024-12-05 09:46:16,20.180.88.109,207.95.4.47,38234,44198,UDP,Blocked,640632,Critical
2024-12-09 09:42:44,103.49.191.157,64.173.210.14,55221,28030,HTTPS,Dropped,90951,Critical
2024-12-15 03:57:00,41.43.80.54,103.112.207.111,44884,6252,UDP,Blocked,500646,High
2024-12-15 13:44:15,126.72.26.19,206.143.25.120,62354,16257,TCP,Dropped,402206,Medium
2024-12-05 21:16:33,43.187.172.181,184.39.186.44,30301,49399,ICMP,Dropped,316613,Low
2024-12-16 14:49:44,181.59.211.39,93.85.122.180,18165,42840,ICMP,Blocked,65142,Low
2024-12-06 06:30:26,46.136.217.203,216.149.58.249,31524,20107,UDP,Quarantined,719400,High
2024-12-17 06:38:48,156.76.49.62,67.55.127.135,46262,7695,FTP,Dropped,385397,Medium
2024-12-15 17:34:27,128.186.209.209,131.44.188.9,15384,62742,UDP,Quarantined,160626,Critical
2024-12-04 11:21:35,93.96.173.137,142.8.42.123,50027,64805,HTTPS,Dropped,436045,Critical
2024-12-17 09:15:50,216.127.176.40,206.195.119.195,50657,35227,FTP,Blocked,798867,Medium
2024-12-15 18:54:41,41.221.80.102,72.158.112.156,45610,49463,HTTPS,Allowed,551033,Critical
2024-12-08 23:29:29,1.206.5.243,199.64.194.192,35638,46123,ICMP,Allowed,961800,Low
2024-12-06 15:22:27,171.212.35.182,66.135.246.23,5071,54315,HTTPS,Blocked,600521,Medium
2024-12-10 14:51:18,20.85.239.42,46.84.38.60,11807,21504,HTTPS,Quarantined,121886,Medium
2024-12-01 14:00:19,12.128.58.84,25.123.219.166,48007,38218,HTTP,Allowed,942553,Critical
2024-12-15 11:02:41,171.140.188.1,55.103.146.251,54022,3647,HTTP,Blocked,538179,Critical
2024-12-01 21:28:35,131.88.25.157,193.100.252.11,30960,36957,TCP,Quarantined,705448,High
2024-12-12 11:37:36,167.66.129.70,176.189.54.247,48424,1427,HTTP,Dropped,856113,Low
2024-12-11 18:21:26,40.58.82.162,109.212.108.84,49901,14281,HTTPS,Allowed,47489,Critical
2024-12-04 02:32:47,37.183.156.32,19.184.155.57,23603,45901,TCP,Allowed,979981,Low
2024-12-06 13:55:54,3.77.32.44,105.223.32.91,62219,30938,TCP,Dropped,428728,Medium
2024-12-07 17:50:10,142.181.225.87,182.210.153.82,51419,8876,FTP,Quarantined,392650,Critical
2024-12-01 11:25:26,118.17.236.24,81.157.214.195,30419,56992,HTTP,Quarantined,84148,Medium
2024-12-04 09:34:43,42.186.202.195,184.119.78.153,43854,56380,ICMP,Allowed,187143,Critical
2024-12-09 08:43:53,193.49.40.235,148.75.239.202,35682,8346,FTP,Blocked,875373,Low
2024-12-05 09:53:31,67.26.138.61,48.153.69.221,50580,1490,ICMP,Quarantined,706215,Critical
2024-12-17 03:41:31,168.5.100.13,37.152.103.220,35884,24857,UDP,Blocked,483000,High
2024-12-06 07:39:26,196.192.36.198,173.113.42.163,11190,18065,UDP,Allowed,33782,Critical
2024-12-03 14:39:22,115.108.254.167,97.158.199.21,41323,50205,TCP,Blocked,216092,Low
2024-12-18 00:41:56,3.218.5.241,194.129.88.175,7636,38925,TCP,Quarantined,626822,Low
2024-12-07 19:57:55,190.203.206.183,207.99.90.6,17062,48533,TCP,Quarantined,460285,Medium
2024-12-17 14:38:21,29.169.235.156,103.36.115.46,36397,14239,TCP,Blocked,528373,High
2024-12-10 23:56:44,141.190.49.178,57.121.7.189,16370,53464,FTP,Dropped,605526,High
2024-12-15 06:30:09,15.152.103.63,67.183.244.188,16549,19777,UDP,Blocked,433649,High
2024-12-05 22:30:24,51.96.225.186,156.156.110.132,19056,3995,HTTPS,Blocked,656401,Critical
2024-12-07 14:52:49,21.45.243.235,208.86.86.252,37452,32482,TCP,Dropped,987324,Critical
2024-12-06 15:24:31,160.145.186.11,46.228.115.226,52522,34372,ICMP,Quarantined,428090,Medium
2024-12-01 06:01:41,121.153.239.20,46.151.248.105,20677,24672,UDP,Quarantined,252673,Medium
2024-12-08 23:01:42,131.28.157.4,154.69.161.129,20733,56200,FTP,Blocked,844917,Critical
2024-12-07 07:54:32,88.201.95.138,215.210.242.59,60972,3777,HTTPS,Quarantined,436740,Medium
2024-12-09 16:50:14,146.4.153.251,36.143.74.148,26479,15916,ICMP,Blocked,346305,Low
2024-12-05 18:37:07,6.167.136.216,49.152.59.56,61463,29478,ICMP,Allowed,561654,Medium
2024-12-04 21:16:42,43.213.40.146,189.87.202.150,4401,17594,HTTP,Allowed,916057,Low
2024-12-10 08:12:45,192.14.41.120,29.14.65.23,13355,52734,HTTPS,Blocked,502681,Medium
2024-12-16 12:48:05,151.117.194.141,84.33.90.4,58005,59444,ICMP,Dropped,953149,Low
2024-12-13 12:55:43,15.96.1.121,30.46.197.137,14905,61418,UDP,Allowed,783159,Critical
2024-12-13 10:45:51,199.253.233.235,12.196.123.40,60952,15899,FTP,Blocked,415898,Medium
2024-12-04 05:03:27,114.126.143.12,50.117.214.253,37205,21078,ICMP,Quarantined,488899,High
2024-12-04 02:03:37,188.219.107.137,103.41.219.164,21236,17142,ICMP,Quarantined,488640,Low
2024-12-01 16:53:32,56.185.75.5,89.213.12.2,53637,64312,FTP,Quarantined,798625,High
2024-12-08 23:00:56,37.74.154.69,48.170.136.78,60945,13313,ICMP,Dropped,434037,Low
2024-12-03 19:49:23,25.54.150.17,145.135.187.217,37889,56629,UDP,Blocked,17007,High
2024-12-12 23:36:24,19.24.110.166,45.199.107.144,37285,61261,HTTPS,Quarantined,309531,Medium
2024-12-04 14:48:24,53.35.141.69,6.213.147.131,13881,21619,UDP,Quarantined,597467,Medium
2024-12-14 19:48:42,21.200.244.153,183.154.223.82,33746,36087,FTP,Dropped,269826,Critical
2024-12-09 18:02:58,96.47.85.233,119.212.204.117,64365,47420,FTP,Quarantined,483214,Medium
2024-12-02 16:36:37,168.61.109.68,204.199.177.181,49046,52100,ICMP,Blocked,146757,Critical
2024-12-15 00:39:26,30.191.255.19,158.197.225.209,13085,60090,HTTPS,Allowed,549395,Low
2024-12-12 07:26:34,99.139.2.36,18.82.144.44,56013,55490,TCP,Allowed,801467,Low
2024-12-08 06:12:58,102.159.57.202,22.250.77.235,28050,9011,FTP,Blocked,71269,Medium
2024-12-14 12:03:43,51.145.26.25,146.74.175.150,1623,14335,HTTPS,Quarantined,391329,Low
2024-12-08 09:41:15,217.67.12.0,154.27.107.184,41514,41795,FTP,Quarantined,691309,Critical
2024-12-06 02:09:38,153.58.31.154,59.135.20.2,2054,434,HTTPS,Quarantined,12426,Low
2024-12-04 02:12:33,139.251.97.228,56.107.58.252,35719,47330,ICMP,Dropped,17975,Critical
2024-12-18 04:44:21,2.215.79.255,83.96.145.159,53857,61585,UDP,Allowed,962643,Low
2024-12-14 13:02:34,81.228.16.236,86.154.158.100,35390,9759,UDP,Blocked,649887,High
2024-12-17 03:45:22,209.236.208.206,102.142.197.249,54449,23229,ICMP,Quarantined,82857,High
2024-12-10 03:48:29,214.117.41.155,130.65.30.26,63892,26610,HTTP,Blocked,731105,Medium
2024-12-13 17:30:23,118.103.36.231,218.61.196.66,20683,44830,TCP,Allowed,98042,Critical
2024-12-07 05:52:29,223.233.244.158,129.68.86.88,25879,24719,HTTPS,Quarantined,58840,Low
2024-12-07 13:44:37,39.215.196.27,132.130.16.108,47085,11232,TCP,Quarantined,886392,Critical
2024-12-13 19:50:05,194.39.253.175,164.128.130.108,43288,51405,ICMP,Allowed,938256,Low
2024-12-17 16:53:00,190.18.135.155,221.74.101.12,16081,13856,FTP,Quarantined,284263,Low
2024-12-12 14:48:19,142.106.61.129,171.138.44.46,61589,4873,FTP,Dropped,942996,Low
2024-12-12 15:36:56,124.161.87.191,39.101.225.82,12778,60868,ICMP,Allowed,217221,Medium
2024-12-17 05:49:16,136.155.57.19,118.55.83.195,50323,53785,FTP,Quarantined,973995,Low
2024-12-03 13:59:13,191.84.30.153,181.136.195.245,20637,10647,HTTPS,Blocked,594223,Critical
2024-12-18 12:15:09,133.129.23.240,147.96.41.229,45394,58755,HTTPS,Dropped,402491,Medium
2024-12-05 23:12:10,189.197.194.71,4.129.237.220,52830,64781,FTP,Allowed,525119,High
2024-12-17 09:54:01,99.72.94.83,183.82.216.26,4543,6402,HTTP,Blocked,879414,Low
2024-12-13 22:43:13,50.122.81.255,10.53.120.40,23345,39661,HTTPS,Quarantined,811131,High
2024-12-06 20:01:34,185.198.92.9,178.97.53.212,2965,41558,ICMP,Quarantined,514435,Medium
2024-12-11 22:27:26,30.65.65.185,66.59.218.43,24342,36244,HTTP,Quarantined,194760,Critical
2024-12-09 22:57:07,96.57.49.4,68.38.89.62,6640,50605,HTTPS,Dropped,836821,Medium
2024-12-03 22:28:45,199.48.122.138,83.181.12.70,47758,4818,TCP,Dropped,161712,Critical
2024-12-05 19:50:44,212.218.10.54,218.88.80.251,47664,51374,FTP,Blocked,775584,Critical
2024-12-15 22:20:03,138.186.154.220,83.231.111.95,21777,23639,TCP,Allowed,5447,High
2024-12-04 01:38:03,206.61.123.99,117.215.150.83,30170,23588,ICMP,Allowed,138943,Low
2024-12-12 12:49:26,171.173.75.207,96.186.107.95,13304,28245,HTTP,Quarantined,108310,Low
2024-12-03 15:52:17,213.82.188.186,45.73.41.78,6897,23195,HTTPS,Allowed,625920,High
2024-12-01 06:10:13,170.171.178.53,24.200.190.36,57628,25247,TCP,Dropped,433911,Critical
2024-12-08 00:52:42,201.127.102.108,198.17.42.29,52087,5551,FTP,Blocked,599743,Medium
2024-12-13 02:00:45,87.21.63.126,138.36.90.16,45936,24952,UDP,Blocked,281981,High
2024-12-03 06:22:47,7.223.63.190,209.28.162.232,18614,32318,UDP,Allowed,175329,Critical
2024-12-16 13:08:15,191.156.187.200,186.207.131.16,19109,27598,ICMP,Quarantined,820685,Low
2024-12-17 15:22:17,165.232.31.20,131.50.3.180,24690,16496,UDP,Quarantined,622651,Medium
2024-12-12 02:42:02,41.52.35.158,185.36.95.207,31030,7011,UDP,Dropped,7096,Critical
2024-12-06 10:28:25,205.147.161.178,131.140.250.67,22796,55156,HTTPS,Quarantined,843135,High
2024-12-17 04:11:17,133.254.154.244,35.54.128.227,29874,21938,HTTP,Blocked,315029,High
2024-12-04 10:24:09,129.52.196.221,33.174.248.108,40556,62081,FTP,Blocked,502278,High
2024-12-02 15:59:59,1.69.81.223,84.246.242.49,12665,63215,HTTP,Dropped,305605,Critical
2024-12-07 04:40:33,94.198.31.107,18.172.32.184,64447,37741,UDP,Dropped,394322,High
2024-12-16 11:17:09,187.244.26.17,137.167.153.249,54533,51503,HTTP,Dropped,119420,Medium
2024-12-04 08:45:14,45.7.11.168,73.193.213.102,39836,65357,HTTPS,Blocked,714827,Low
2024-12-15 13:33:11,206.112.37.194,115.135.10.174,63480,47659,HTTP,Blocked,459753,High
2024-12-09 05:13:57,2.47.146.53,101.194.191.206,55502,45406,TCP,Quarantined,705668,Critical
2024-12-14 23:24:19,32.44.65.66,205.189.242.179,10145,41507,ICMP,Blocked,264955,Medium
2024-12-11 15:17:55,59.157.95.180,143.27.121.75,47897,27731,HTTP,Allowed,470880,Critical
2024-12-08 07:03:47,20.239.110.6,5.69.32.178,39181,26268,HTTPS,Quarantined,570053,Low
2024-12-02 17:04:55,84.90.5.172,173.18.190.134,52844,63467,ICMP,Allowed,114682,Medium
2024-12-12 15:28:11,219.197.232.239,120.240.138.168,44120,43562,ICMP,Blocked,678428,Low
2024-12-10 19:41:54,59.246.145.135,64.63.128.148,37935,64462,FTP,Quarantined,789245,High
2024-12-03 08:40:24,44.116.5.226,109.41.6.132,64313,52182,HTTP,Allowed,11060,Low
2024-12-08 06:12:59,106.45.219.147,67.54.204.7,17980,14550,HTTPS,Blocked,467432,High
2024-12-09 19:09:53,141.84.245.78,97.119.180.43,26657,30348,FTP,Blocked,361724,Low
2024-12-05 02:35:58,23.188.216.210,216.164.151.242,32662,6852,ICMP,Quarantined,965264,Low
2024-12-02 20:38:45,70.178.183.114,214.117.183.66,8630,54482,FTP,Blocked,365249,High
2024-12-12 02:01:54,7.193.139.79,66.238.197.7,23507,29841,UDP,Quarantined,365219,Critical
2024-12-04 14:44:11,106.249.207.62,46.51.32.219,7421,28716,FTP,Quarantined,334400,Low
2024-12-07 11:51:49,189.193.82.227,217.203.247.57,20702,2929,FTP,Allowed,23682,High
2024-12-02 19:44:18,108.116.71.94,136.251.29.218,43489,7168,FTP,Blocked,975094,Medium
2024-12-17 20:44:19,188.198.227.30,215.15.141.205,34840,11433,HTTPS,Blocked,347067,Critical
2024-12-04 01:08:13,55.131.221.215,114.52.227.16,63837,30282,UDP,Quarantined,660351,Medium
2024-12-03 00:36:41,80.110.141.254,112.165.208.56,13239,41975,FTP,Quarantined,414798,Low
2024-12-17 13:29:45,96.116.208.60,192.56.212.242,49349,40247,UDP,Quarantined,620970,Critical
2024-12-11 01:48:41,5.241.229.93,149.160.6.24,26506,292,FTP,Blocked,215780,High
2024-12-13 23:23:27,182.251.131.28,211.201.250.131,50328,46122,TCP,Allowed,838338,Medium
2024-12-09 16:27:26,110.194.247.115,108.24.4.203,24996,21364,UDP,Quarantined,119490,High
2024-12-15 02:59:11,192.114.43.56,186.8.118.255,44979,56534,HTTP,Dropped,625969,Critical
2024-12-14 10:50:53,138.140.44.216,16.59.48.156,41086,25726,HTTPS,Allowed,364825,High
2024-12-08 14:16:22,35.9.248.204,27.188.184.92,56435,30007,HTTPS,Blocked,853266,High
2024-12-04 01:51:56,155.7.150.161,93.19.160.147,61230,40271,HTTPS,Allowed,704758,Medium
2024-12-14 04:23:53,70.203.215.217,147.253.179.199,21548,7725,UDP,Dropped,122629,Medium
2024-12-06 06:24:51,180.41.215.180,53.113.228.152,25488,45446,UDP,Quarantined,438555,Medium
2024-12-09 12:19:42,48.136.93.221,56.231.151.96,38694,25147,HTTP,Blocked,510310,Medium
2024-12-08 02:51:18,211.104.136.31,219.210.16.12,37390,10936,HTTP,Dropped,147111,Medium
2024-12-01 22:04:51,92.94.118.101,153.71.59.84,21640,55181,HTTP,Allowed,907565,High
2024-12-06 02:31:54,46.34.246.62,164.228.217.80,63403,629,HTTP,Blocked,204607,Critical
2024-12-02 18:15:19,65.223.202.118,46.197.75.36,64189,36804,HTTPS,Quarantined,429008,Critical
2024-12-11 18:21:02,46.50.30.119,221.88.128.9,28262,46540,HTTP,Quarantined,175377,Low
2024-12-11 21:42:18,207.219.38.241,103.202.33.81,38077,2023,UDP,Dropped,34283,High
2024-12-15 20:08:05,209.175.19.50,49.254.101.26,15759,35233,ICMP,Blocked,818665,Critical
2024-12-03 23:47:03,2.36.183.209,59.178.214.151,38094,48662,HTTP,Allowed,600534,Low
2024-12-13 09:11:38,51.173.51.138,19.143.154.116,18580,50798,HTTPS,Dropped,568373,Low
2024-12-14 05:23:23,143.64.34.200,176.166.55.179,50831,47120,HTTP,Blocked,445807,Low
2024-12-15 11:22:26,67.49.105.83,112.3.203.188,49257,54400,FTP,Blocked,312170,Low
2024-12-16 17:41:54,78.115.171.90,195.67.45.225,30497,17224,ICMP,Allowed,460398,Low
2024-12-01 10:01:26,42.144.117.165,113.230.176.175,51855,53208,UDP,Blocked,850083,High
2024-12-05 09:18:14,161.152.3.130,15.195.206.117,57453,46580,HTTPS,Quarantined,174044,Medium
2024-12-02 21:22:07,57.152.217.240,119.71.22.137,52459,13542,UDP,Allowed,597766,High
2024-12-06 08:07:36,6.52.197.169,62.247.251.198,35907,18422,HTTPS,Blocked,339375,High
2024-12-14 21:42:58,81.236.184.239,95.3.166.119,19985,37535,ICMP,Allowed,142175,Critical
2024-12-10 22:07:22,215.100.222.114,1.177.131.35,61236,3886,ICMP,Blocked,735499,Medium
2024-12-06 08:46:03,8.2.122.44,125.230.245.157,17386,9585,FTP,Dropped,868726,Medium
2024-12-13 10:18:57,140.128.34.176,16.101.180.85,50927,55284,FTP,Quarantined,513234,Medium
2024-12-15 06:37:40,183.222.2.73,107.159.63.250,38866,41446,ICMP,Quarantined,393396,Critical
2024-12-14 23:32:35,117.90.58.145,187.159.171.157,5973,41526,TCP,Quarantined,540659,High
2024-12-13 14:07:28,60.52.97.239,53.149.243.79,46552,61364,ICMP,Quarantined,996413,Critical
2024-12-09 05:46:09,215.125.90.110,223.100.153.154,22473,38140,TCP,Allowed,766437,Critical
2024-12-11 00:26:28,113.88.163.58,33.207.40.67,42628,43526,FTP,Dropped,891401,Low
2024-12-15 05:52:26,205.85.255.129,72.78.64.11,53169,35025,HTTP,Blocked,450513,Medium
2024-12-02 04:17:38,217.165.226.177,180.154.173.63,33445,17599,ICMP,Dropped,354161,Medium
2024-12-04 04:55:37,148.194.21.32,37.74.108.108,38126,55865,HTTP,Dropped,937589,Low
2024-12-14 07:07:20,7.254.36.172,173.15.181.195,4034,6526,FTP,Quarantined,17072,Low
2024-12-17 12:39:56,186.134.12.209,159.152.190.107,61935,56208,UDP,Quarantined,478693,Low
2024-12-09 14:15:25,108.42.151.114,43.239.239.196,63809,28037,UDP,Blocked,924998,High
2024-12-15 14:49:37,216.114.26.117,93.92.236.214,11442,57307,ICMP,Allowed,686385,High
2024-12-10 04:56:00,189.25.146.220,13.122.219.234,17433,5402,ICMP,Blocked,54302,Critical
2024-12-14 00:35:14,149.243.88.232,88.21.227.74,42023,20022,FTP,Blocked,450081,Low
2024-12-07 05:05:37,182.98.104.173,128.68.166.132,47141,6238,TCP,Blocked,499968,Low
2024-12-13 12:05:54,122.40.191.186,42.17.33.135,9720,38908,UDP,Quarantined,9738,Low
2024-12-10 18:48:35,184.12.198.38,169.116.79.17,46610,22517,TCP,Quarantined,727744,Medium
2024-12-06 18:09:32,36.87.80.231,72.129.148.124,32330,4642,UDP,Quarantined,93670,Low
2024-12-11 20:05:14,113.244.183.24,190.216.182.63,7787,20536,ICMP,Dropped,143790,Critical
2024-12-07 21:11:15,173.22.141.188,21.67.143.53,51713,53305,UDP,Blocked,71734,Low
2024-12-05 09:00:18,24.235.23.84,59.64.242.146,41021,42600,UDP,Quarantined,368247,Medium
2024-12-11 14:45:43,181.198.76.86,96.40.252.169,42185,49039,UDP,Quarantined,646002,Critical
2024-12-05 23:57:25,217.146.222.77,88.160.151.104,57382,14238,TCP,Allowed,146814,Low
2024-12-17 13:29:38,82.19.187.239,193.23.205.255,39662,47842,HTTP,Dropped,450246,High
2024-12-03 02:22:40,87.40.188.95,46.215.236.144,52868,9164,UDP,Dropped,675933,Low
2024-12-15 08:12:46,172.37.64.177,175.19.114.214,17287,36268,HTTPS,Dropped,816808,Low
2024-12-02 14:15:26,56.89.99.229,60.95.54.152,56591,55514,FTP,Dropped,215425,Medium
2024-12-13 15:40:36,63.165.18.73,70.145.58.79,50034,25674,ICMP,Allowed,821875,Medium
2024-12-01 20:26:22,4.144.220.94,206.199.145.214,33456,25290,TCP,Blocked,523850,Low
2024-12-04 04:38:29,89.210.184.216,196.68.53.46,35645,58244,TCP,Dropped,979290,High
2024-12-06 00:00:59,171.18.91.145,197.150.255.149,9673,25352,HTTPS,Quarantined,383162,Medium
2024-12-07 14:05:42,69.0.62.58,10.24.173.150,51010,30869,TCP,Allowed,615895,Low
2024-12-04 11:28:51,3.209.251.59,120.173.174.41,1927,17183,UDP,Allowed,967394,Low
2024-12-11 17:11:45,181.153.120.136,99.37.223.158,63196,51727,HTTP,Dropped,659104,Critical
2024-12-09 10:16:04,164.110.134.53,53.91.198.67,28783,45994,HTTP,Allowed,671652,Medium
2024-12-10 14:25:42,211.189.117.82,110.59.226.167,19208,5479,ICMP,Allowed,536141,Medium
2024-12-04 11:28:51,66.149.188.247,123.62.162.29,64876,52958,UDP,Dropped,409711,Low
2024-12-08 19:20:05,125.184.203.89,179.123.17.213,21351,45789,HTTP,Blocked,60718,Medium
2024-12-16 09:31:45,14.226.111.123,109.148.70.170,6674,60597,HTTP,Allowed,475394,Low
2024-12-04 16:49:50,174.231.77.118,60.158.152.132,21293,43653,FTP,Blocked,125245,Low
2024-12-04 22:00:41,128.152.132.123,140.167.56.184,47416,8993,FTP,Allowed,171790,Critical
2024-12-11 16:20:16,207.138.150.172,216.113.216.182,63480,22722,HTTPS,Dropped,175073,High
2024-12-13 08:34:16,198.74.102.116,129.68.24.226,9342,49138,ICMP,Allowed,808903,Low
2024-12-17 08:16:26,158.252.83.26,191.110.66.121,22979,52895,HTTP,Dropped,549300,Low
2024-12-12 20:46:28,180.248.0.141,108.83.146.79,18256,46683,HTTPS,Allowed,520248,Critical
2024-12-03 19:53:46,141.207.22.85,186.138.196.223,34498,23602,TCP,Quarantined,901104,Medium
2024-12-15 01:51:55,188.142.167.247,16.48.125.220,25120,10310,ICMP,Allowed,937708,Low
2024-12-16 03:21:55,94.76.100.108,8.18.68.216,15992,48548,HTTPS,Allowed,46177,Low
2024-12-10 20:36:58,82.64.115.149,164.100.173.128,17050,3014,HTTP,Dropped,401583,Medium
2024-12-01 03:30:18,108.193.139.75,153.109.77.148,12752,61025,TCP,Quarantined,235421,High
2024-12-16 07:51:59,162.98.191.29,189.156.243.161,17294,27280,FTP,Dropped,284434,Low
2024-12-03 20:32:11,30.57.105.65,181.142.120.65,38480,24433,TCP,Allowed,188056,Medium
2024-12-12 19:07:13,188.79.140.10,115.21.202.111,53737,33802,TCP,Quarantined,72274,Critical
2024-12-17 16:49:13,187.70.50.72,196.42.10.125,57780,18502,ICMP,Dropped,90581,Critical
2024-12-10 05:30:00,95.242.85.222,35.64.190.54,1546,24178,UDP,Dropped,591194,High
2024-12-11 13:17:10,2.226.42.42,113.157.108.207,49492,40811,UDP,Quarantined,386162,Critical
2024-12-01 05:28:20,93.6.195.24,44.187.45.116,51657,50849,UDP,Blocked,157880,Low
2024-12-04 07:48:52,200.187.131.196,205.206.223.173,62129,26873,TCP,Blocked,567851,High
2024-12-06 07:27:20,2.93.207.215,55.81.153.176,42701,55023,FTP,Allowed,997185,High
2024-12-06 20:19:49,19.57.109.170,152.64.59.213,1119,49738,FTP,Quarantined,890247,High
2024-12-14 11:30:35,78.84.191.221,17.121.201.197,7836,13448,HTTPS,Blocked,440208,Critical
2024-12-03 13:07:25,10.207.25.218,223.14.197.247,64016,3926,UDP,Dropped,97545,Low
2024-12-05 19:22:45,72.44.34.224,36.46.175.69,61400,15170,HTTPS,Quarantined,734891,High
2024-12-08 16:42:09,22.125.200.12,31.79.107.34,31069,63869,FTP,Allowed,608982,Low
2024-12-16 08:04:25,113.1.119.18,99.47.24.173,34147,8750,FTP,Quarantined,78465,Low
2024-12-04 13:39:01,23.10.254.226,107.26.150.105,29531,43414,UDP,Blocked,305844,High
2024-12-13 10:14:37,95.64.169.34,71.182.152.101,56789,20645,HTTP,Dropped,333507,Critical
2024-12-14 10:27:55,92.86.142.38,171.191.56.51,18846,15310,TCP,Blocked,142723,Low
2024-12-05 02:38:44,122.200.130.160,220.177.24.91,11208,6925,UDP,Quarantined,488694,High
2024-12-04 06:42:10,163.158.70.69,82.79.29.117,27665,7913,HTTPS,Dropped,807756,Medium
2024-12-08 13:19:15,109.235.93.126,208.97.247.242,30640,20206,HTTP,Dropped,893892,Low
2024-12-10 14:46:53,105.106.167.50,12.18.85.188,6949,10330,FTP,Dropped,866529,Low
2024-12-15 14:02:18,78.181.22.57,85.40.104.10,15115,54784,ICMP,Blocked,95643,Medium
2024-12-03 19:29:41,223.5.64.151,211.162.58.51,64489,23314,HTTP,Allowed,710078,High
2024-12-05 09:49:10,161.70.48.75,47.93.94.8,18074,53746,UDP,Allowed,998345,Critical
2024-12-17 13:24:21,53.211.96.146,213.34.105.226,57031,29636,HTTPS,Blocked,99326,Critical
2024-12-13 06:04:54,217.228.34.242,209.166.38.173,7702,52685,UDP,Allowed,12537,Low
2024-12-04 23:44:33,144.67.213.33,183.32.88.197,55443,51181,UDP,Blocked,207757,Critical
2024-12-03 22:59:21,179.20.50.115,207.46.201.223,25419,44977,FTP,Allowed,610610,High
2024-12-11 06:21:26,172.60.103.41,144.183.5.121,61148,53265,TCP,Allowed,67603,Medium
2024-12-10 03:15:00,204.37.229.103,46.209.156.5,60169,42336,HTTP,Blocked,96446,High
2024-12-17 15:01:03,18.158.61.225,208.6.163.25,9053,2799,HTTP,Allowed,176149,Critical
2024-12-16 19:41:18,191.89.204.166,78.48.144.202,54873,47477,HTTP,Quarantined,30914,Critical
2024-12-12 03:00:35,111.43.156.89,217.103.39.143,45799,27962,UDP,Dropped,225146,Medium
2024-12-16 10:08:49,221.20.192.66,3.244.199.158,19045,18341,HTTP,Blocked,36332,Medium
2024-12-18 00:08:28,63.103.11.146,160.194.83.118,43444,19341,HTTP,Quarantined,925660,Critical
2024-12-09 04:02:01,223.233.47.37,210.147.121.53,5020,5749,ICMP,Quarantined,143902,Critical
2024-12-18 07:28:49,116.93.6.193,77.31.175.39,14095,42117,HTTPS,Blocked,661393,Low
2024-12-13 17:10:49,46.31.190.58,208.205.230.243,26091,51244,FTP,Dropped,502985,Critical
2024-12-11 04:51:18,89.253.3.44,36.183.6.153,23570,59814,HTTPS,Dropped,407247,High
2024-12-16 13:22:04,212.83.81.14,41.214.208.160,12808,1709,ICMP,Blocked,30726,High
2024-12-09 23:58:43,202.50.60.164,160.245.216.33,4863,52996,HTTP,Dropped,804092,Medium
2024-12-10 07:51:06,77.255.92.149,164.38.110.23,64854,10462,TCP,Blocked,688772,Medium
2024-12-12 13:28:31,58.85.114.181,70.252.73.183,18491,34976,FTP,Allowed,801164,Medium
2024-12-06 20:13:56,67.99.6.183,171.236.219.241,38752,55477,HTTP,Dropped,980634,Medium
2024-12-18 00:34:52,89.2.150.87,11.60.225.5,12564,15503,HTTPS,Dropped,845372,High
2024-12-01 13:59:34,150.243.187.31,191.35.207.177,60922,38769,TCP,Dropped,993587,Medium
2024-12-04 20:03:49,85.51.239.243,209.179.236.187,37927,62153,UDP,Quarantined,568458,High
2024-12-08 04:33:44,167.54.227.178,79.37.244.75,12529,32142,TCP,Allowed,58896,Medium
2024-12-01 21:10:15,194.168.144.148,12.245.103.108,40454,14340,TCP,Quarantined,716,High
2024-12-06 16:17:32,142.208.50.150,111.199.181.91,61179,40248,UDP,Blocked,357311,Medium
2024-12-18 04:22:19,142.176.75.50,205.171.163.17,61237,52588,ICMP,Allowed,22977,Medium
2024-12-02 15:56:35,165.73.51.8,79.208.198.140,39468,46183,UDP,Allowed,887599,High
2024-12-15 21:49:37,110.97.12.251,133.24.62.180,63975,4754,ICMP,Quarantined,614483,Low
2024-12-04 15:10:54,184.233.87.221,96.163.209.46,23080,19777,ICMP,Blocked,165154,Critical
2024-12-09 00:04:21,111.36.11.22,176.222.182.95,52918,41895,HTTP,Dropped,182664,High
2024-12-17 12:17:19,208.243.156.230,119.95.7.225,15654,43617,HTTPS,Blocked,396764,High
2024-12-18 01:03:33,51.38.214.1,124.109.63.51,49127,45122,ICMP,Blocked,186340,Low
2024-12-13 23:58:01,27.182.171.38,189.82.90.224,63203,46007,HTTPS,Quarantined,892083,Low
2024-12-08 22:05:49,223.18.231.139,217.210.136.42,12956,39479,ICMP,Blocked,670718,Low
2024-12-03 19:20:06,117.177.148.245,124.189.159.230,62410,32518,UDP,Dropped,781549,Low
2024-12-02 11:51:05,177.33.203.142,179.121.215.48,16621,22729,ICMP,Blocked,667090,Low
2024-12-09 05:37:03,216.158.205.130,154.100.6.232,54872,46463,FTP,Dropped,468325,Low
2024-12-08 02:06:38,2.40.120.205,135.161.201.97,18404,13742,UDP,Allowed,367506,High
2024-12-02 05:40:16,187.211.240.120,178.227.147.66,52602,7081,FTP,Allowed,50486,Critical
2024-12-18 08:36:40,138.87.28.113,95.224.12.89,29743,48011,HTTP,Blocked,927519,Critical
2024-12-16 10:47:02,147.92.36.182,70.77.15.80,33338,57788,HTTP,Dropped,572547,Critical
2024-12-01 02:00:23,36.133.225.181,94.52.206.41,7671,54317,HTTP,Blocked,170557,Critical
2024-12-15 04:10:01,20.86.8.89,16.58.255.10,5854,52377,TCP,Dropped,21053,High
2024-12-17 15:44:39,205.137.171.214,68.46.193.210,18137,62369,TCP,Allowed,358411,Medium
2024-12-04 12:17:49,114.156.251.85,146.109.247.37,59215,24607,UDP,Allowed,573619,Low
2024-12-05 11:51:43,134.212.97.133,110.110.56.126,23171,38931,HTTPS,Quarantined,738726,Low
2024-12-15 12:40:32,23.55.10.166,190.149.161.18,29291,61764,FTP,Blocked,636818,Critical
2024-12-12 19:34:10,161.8.186.79,109.168.87.230,11319,3510,TCP,Dropped,215535,Medium
2024-12-03 14:09:03,17.64.219.32,47.124.244.186,27846,45692,HTTPS,Dropped,692687,High
2024-12-08 06:21:54,138.43.138.224,176.53.137.191,20514,15568,TCP,Allowed,411987,Critical
2024-12-02 12:58:41,36.16.240.131,86.90.135.85,11089,3573,ICMP,Allowed,448377,Low
2024-12-10 02:03:37,65.216.122.68,19.206.238.227,20327,53995,FTP,Quarantined,209374,Low
2024-12-09 23:30:38,195.93.1.94,60.65.119.185,2710,13563,UDP,Dropped,85916,Critical
2024-12-10 23:50:07,84.155.185.208,177.111.106.74,56321,7570,ICMP,Quarantined,493821,Critical
2024-12-11 20:01:17,113.2.200.254,67.104.198.29,59670,43322,ICMP,Allowed,673045,Critical
2024-12-09 07:44:22,122.54.170.81,30.234.33.160,13140,24316,HTTP,Dropped,195646,Critical
2024-12-12 17:24:43,46.8.28.153,153.26.218.142,3948,17256,HTTP,Quarantined,276195,Medium
2024-12-03 04:42:32,206.80.192.9,163.212.13.227,55882,17601,HTTPS,Allowed,158471,Low
2024-12-05 03:35:22,158.70.226.73,110.124.6.212,6640,43788,ICMP,Quarantined,793202,Medium
2024-12-04 09:29:40,141.197.177.23,92.105.38.1,37304,3997,HTTP,Quarantined,561527,Critical
2024-12-18 04:25:36,48.193.234.86,124.212.92.62,38557,57781,UDP,Quarantined,313369,Low
2024-12-01 22:21:11,80.156.15.169,76.9.127.40,26897,59165,FTP,Allowed,526491,Medium
2024-12-02 01:42:26,117.15.234.138,26.164.105.182,8906,62211,HTTP,Blocked,995163,Medium
2024-12-04 19:13:34,90.31.64.136,18.154.234.220,64735,13887,UDP,Blocked,44748,Critical
2024-12-09 19:38:25,213.244.182.149,195.50.91.36,6159,64768,FTP,Quarantined,211727,Medium
2024-12-06 03:15:08,46.113.28.108,49.124.124.241,55688,38998,ICMP,Dropped,955047,Low
2024-12-14 11:09:43,132.109.5.220,80.1.124.29,6727,25435,HTTPS,Quarantined,578870,High
2024-12-17 14:37:54,121.32.194.210,59.203.75.248,57163,18102,HTTPS,Quarantined,961713,Low
2024-12-13 23:15:06,26.202.23.232,202.108.68.145,52571,45903,HTTPS,Quarantined,117984,Critical
2024-12-04 04:40:38,203.217.206.40,107.233.194.0,10830,9713,HTTPS,Allowed,969857,Low
2024-12-18 09:41:03,10.126.225.14,74.9.90.115,37900,51089,TCP,Dropped,909613,High
2024-12-01 09:52:03,46.67.70.37,63.3.13.104,58557,26929,ICMP,Quarantined,686594,Critical
2024-12-02 21:24:44,117.13.80.46,112.189.23.122,38512,39909,HTTP,Allowed,180564,High
2024-12-04 07:15:10,81.118.243.129,84.118.235.46,27433,9428,HTTPS,Quarantined,40666,Critical
2024-12-02 05:21:54,201.148.188.63,183.63.199.218,59323,57604,ICMP,Blocked,51685,Critical
2024-12-07 23:02:04,17.233.237.108,146.145.65.232,61371,17602,ICMP,Allowed,354278,High
2024-12-10 04:47:19,209.92.47.188,206.233.103.35,21402,18373,HTTP,Allowed,911107,Medium
2024-12-13 13:36:53,104.4.213.36,203.121.225.111,9831,19693,FTP,Quarantined,811630,High
2024-12-04 10:00:15,129.207.21.65,217.120.163.241,18680,47763,HTTP,Allowed,197064,Critical
2024-12-03 21:10:42,21.92.68.241,211.145.127.131,14877,59863,HTTP,Quarantined,796386,High
2024-12-03 15:42:02,95.42.177.56,56.211.89.179,54830,3684,HTTPS,Blocked,68804,High
2024-12-15 03:43:51,96.240.69.231,78.109.154.84,47526,33214,HTTP,Blocked,818430,Low
2024-12-06 16:15:35,32.167.1.24,66.212.216.155,12410,12633,UDP,Allowed,261609,Low
2024-12-04 11:45:54,166.94.28.189,199.24.116.237,30937,3314,ICMP,Blocked,287286,High
2024-12-01 12:09:47,108.52.184.44,41.1.46.237,54993,30424,HTTPS,Quarantined,666275,Low
2024-12-01 05:47:32,32.107.71.52,132.125.158.74,45665,2003,UDP,Dropped,512530,Critical
2024-12-18 04:20:06,59.182.54.245,119.129.253.167,12662,62949,HTTP,Dropped,360971,Medium
2024-12-03 04:40:22,222.178.83.119,141.196.154.96,55920,58622,ICMP,Allowed,298916,Low
2024-12-15 22:48:25,173.53.12.115,10.69.36.7,26357,3254,UDP,Blocked,898746,Medium
2024-12-09 08:08:55,119.43.79.177,88.186.68.88,43450,14753,FTP,Blocked,282154,Critical
2024-12-17 22:51:38,43.60.6.170,115.7.69.239,34662,1315,FTP,Allowed,497126,Medium
2024-12-08 09:40:47,106.215.48.116,67.186.238.109,43450,11351,HTTPS,Allowed,234639,High
2024-12-08 20:53:02,12.241.45.228,5.247.153.63,40892,52763,ICMP,Dropped,444393,Critical
2024-12-18 02:17:01,144.204.217.232,171.16.147.22,56833,22854,HTTP,Dropped,228808,Critical
2024-12-15 16:29:38,160.133.16.100,32.124.62.136,20825,44381,HTTPS,Quarantined,612879,Low
2024-12-09 13:52:34,171.248.145.147,103.186.119.237,1505,33523,FTP,Dropped,588730,High
2024-12-08 14:49:49,112.115.151.3,114.150.64.240,20584,44854,TCP,Quarantined,66938,High
2024-12-01 11:06:09,56.196.176.181,150.94.228.249,19143,41983,ICMP,Dropped,273832,High
2024-12-01 22:35:01,51.138.136.244,66.63.127.250,13368,9826,HTTPS,Blocked,943390,Low
2024-12-01 11:38:36,103.116.240.5,165.21.142.138,53808,56186,HTTPS,Quarantined,692616,High
2024-12-16 05:47:56,54.253.98.223,169.58.223.193,45638,9171,FTP,Allowed,687237,Critical
2024-12-06 17:06:07,171.198.49.116,18.238.161.238,20396,17002,HTTP,Quarantined,407135,Low
2024-12-05 01:22:39,161.169.172.226,116.13.177.158,39233,46405,HTTPS,Blocked,359836,Medium
2024-12-08 00:37:36,220.110.45.227,114.21.34.65,46002,35038,FTP,Quarantined,950561,High
2024-12-07 12:25:43,48.247.71.172,42.106.233.151,34271,19674,UDP,Blocked,308054,Low
2024-12-14 03:01:25,109.158.138.17,214.225.196.80,31877,8385,FTP,Dropped,760413,Medium
2024-12-05 14:55:32,173.213.57.220,192.21.139.27,63081,44546,ICMP,Allowed,233049,High
2024-12-16 13:44:43,99.66.96.36,41.137.108.231,15660,48773,ICMP,Quarantined,826372,High
2024-12-02 23:55:49,44.80.231.148,12.17.199.222,25382,17077,HTTPS,Dropped,486288,Low
2024-12-04 13:20:14,65.123.17.144,89.174.13.204,31861,3518,FTP,Allowed,495158,Medium
2024-12-06 12:37:03,72.127.47.5,192.128.245.46,33823,7853,FTP,Quarantined,555575,High
2024-12-14 22:27:48,143.17.5.161,141.65.46.91,28097,3544,UDP,Blocked,210026,High
2024-12-04 18:02:13,1.20.8.52,77.144.148.83,27840,64697,HTTPS,Quarantined,150181,High
2024-12-02 17:58:12,80.174.232.45,21.117.46.185,57541,46903,UDP,Allowed,511265,High
2024-12-15 01:15:44,33.195.235.193,114.61.200.43,42379,64661,UDP,Dropped,665320,Low
2024-12-12 11:06:22,144.162.53.174,28.58.243.70,1332,29626,ICMP,Blocked,798169,Medium
2024-12-15 02:28:30,19.127.66.234,63.205.203.238,38791,50102,UDP,Quarantined,823353,Low
2024-12-13 00:00:52,145.81.85.193,58.213.13.119,9504,40271,HTTP,Quarantined,422988,Critical
2024-12-05 15:59:35,111.248.184.230,22.53.167.39,64287,31287,HTTP,Allowed,39557,Medium
2024-12-14 02:42:10,178.244.29.88,88.45.237.144,48908,24452,TCP,Dropped,793612,Medium
2024-12-05 08:38:27,189.8.131.142,136.173.19.30,2198,44352,TCP,Blocked,237256,High
2024-12-18 12:38:34,55.223.73.42,209.2.146.243,21477,8450,TCP,Quarantined,527786,High
2024-12-09 23:55:51,59.46.93.217,121.54.89.3,11969,4279,TCP,Dropped,994535,High
2024-12-01 14:39:34,171.157.159.114,78.59.219.183,30903,47700,HTTPS,Dropped,454730,Medium
2024-12-01 06:22:14,57.78.234.68,69.90.197.123,23485,65283,HTTP,Dropped,786553,Medium
2024-12-18 00:04:59,132.100.8.247,25.146.104.215,11829,62134,HTTP,Allowed,239513,Medium
2024-12-11 02:10:12,195.194.167.93,187.159.155.197,48679,64546,UDP,Blocked,769735,Low
2024-12-07 23:06:04,180.82.248.29,100.238.243.207,39670,33072,UDP,Allowed,384398,Low
2024-12-12 19:40:42,170.195.123.160,29.111.66.175,25612,57446,FTP,Dropped,808713,Low
2024-12-18 13:09:00,139.214.231.244,62.216.233.7,39947,65188,TCP,Allowed,685315,Low
2024-12-10 04:42:10,31.110.197.7,178.166.178.220,4185,45204,TCP,Quarantined,465897,Critical
2024-12-11 14:53:34,166.21.21.159,146.109.202.209,9123,35867,ICMP,Quarantined,735962,Medium
2024-12-04 16:03:54,80.32.23.202,24.89.229.37,14491,45561,FTP,Allowed,315743,Critical
2024-12-08 17:58:49,76.246.50.123,194.56.81.112,44386,6618,FTP,Dropped,653050,Medium
2024-12-15 14:45:48,188.189.126.87,117.39.144.131,28472,54438,TCP,Allowed,296439,Low
2024-12-06 18:28:58,94.186.102.114,69.168.142.78,52454,6965,HTTP,Blocked,638584,Medium
2024-12-06 10:17:10,144.160.127.6,42.0.179.143,52008,17236,HTTPS,Blocked,375308,Critical
2024-12-15 10:54:32,129.36.175.163,7.55.191.107,20380,10511,TCP,Quarantined,954578,Medium
2024-12-09 14:22:30,38.166.85.194,56.229.216.5,46126,61154,HTTP,Dropped,245896,Low
2024-12-13 00:33:57,110.38.124.142,90.241.196.46,1859,44017,TCP,Allowed,875804,Critical
2024-12-17 05:44:40,47.144.228.220,135.219.86.1,10798,62223,TCP,Allowed,758711,Low
2024-12-17 17:19:32,77.189.117.155,89.172.176.58,60319,16771,FTP,Blocked,478938,High
2024-12-07 18:05:47,22.19.121.219,125.182.172.147,18333,30427,TCP,Allowed,852679,Medium
2024-12-09 20:25:07,41.97.250.230,162.111.43.253,58311,2586,ICMP,Dropped,840534,High
2024-12-09 01:27:22,75.213.5.203,198.134.88.175,28942,48401,TCP,Allowed,892596,Low
2024-12-16 04:47:37,34.76.49.146,185.232.121.18,1657,55837,UDP,Blocked,344625,High
2024-12-03 20:16:23,129.52.33.41,100.232.70.160,59647,28687,HTTPS,Dropped,921148,Low
2024-12-10 10:28:30,7.231.138.37,12.126.104.102,25444,53410,ICMP,Blocked,119361,Critical
2024-12-06 05:47:12,50.52.132.100,147.67.216.158,27254,63066,HTTP,Dropped,876303,Critical
2024-12-01 02:02:12,96.162.238.136,112.236.9.213,46237,55750,HTTP,Quarantined,680364,Medium
2024-12-07 15:36:24,29.76.62.40,137.152.251.127,8433,8685,FTP,Allowed,988248,Medium
2024-12-18 04:20:48,145.113.83.56,132.87.21.177,7820,27265,HTTPS,Quarantined,841235,Critical
2024-12-02 12:38:57,30.187.35.12,126.254.71.200,12903,40064,HTTP,Dropped,641055,Low
2024-12-09 09:14:20,90.4.202.193,90.80.34.152,57553,44858,FTP,Blocked,506545,Critical
2024-12-17 00:22:19,161.158.216.230,113.163.226.244,8425,58170,HTTP,Quarantined,48205,Low
2024-12-11 01:35:53,13.189.211.202,99.6.242.90,18169,42925,ICMP,Allowed,738793,Medium
2024-12-02 02:39:21,48.193.225.58,162.36.33.230,65111,62637,FTP,Dropped,544315,Low
2024-12-03 12:31:17,124.50.129.225,97.114.160.191,29391,43367,FTP,Blocked,505339,High
2024-12-16 02:27:39,147.226.187.53,66.101.6.91,44520,44322,FTP,Quarantined,155875,Low
2024-12-13 12:14:00,13.249.240.23,26.60.191.180,1787,42166,UDP,Quarantined,893251,Critical
2024-12-03 19:16:38,1.162.200.92,178.64.131.211,58002,10840,TCP,Quarantined,336208,Medium
2024-12-14 02:19:20,21.241.221.98,97.49.220.14,22709,63580,ICMP,Allowed,531553,Medium
2024-12-12 08:17:20,173.20.30.36,150.155.195.225,37101,42161,HTTP,Quarantined,856794,Medium
2024-12-06 13:47:21,26.112.36.156,166.151.51.130,6190,30088,HTTP,Quarantined,92295,Critical
2024-12-11 22:19:35,106.52.19.23,4.107.160.231,30323,20714,TCP,Quarantined,781439,Low
2024-12-03 01:35:47,94.213.130.218,129.136.106.3,7750,26440,HTTP,Allowed,584194,Low
2024-12-02 13:43:10,189.125.10.224,65.72.156.194,55150,5957,HTTPS,Dropped,933348,Medium
2024-12-06 03:52:03,91.186.131.0,130.80.117.26,43923,44006,HTTP,Dropped,380992,Low
2024-12-11 10:58:40,31.237.243.250,15.99.157.206,54539,14610,HTTP,Dropped,587360,Critical
2024-12-02 08:13:06,89.163.92.21,17.99.102.148,47990,43069,ICMP,Quarantined,119562,Low
2024-12-18 13:06:34,121.172.231.112,85.168.215.71,50786,43183,UDP,Allowed,357938,High
2024-12-08 22:30:59,121.151.116.162,4.58.11.60,55411,41528,ICMP,Dropped,736201,Low
2024-12-15 08:08:42,199.221.145.220,159.38.224.66,4024,58778,UDP,Quarantined,147271,Critical
2024-12-12 20:42:20,185.81.244.1,176.139.234.119,8033,16666,HTTPS,Blocked,196653,Low
2024-12-09 04:23:57,216.25.4.252,149.43.217.77,61986,55850,HTTP,Blocked,479247,Medium
2024-12-05 02:55:07,149.212.100.108,83.219.18.136,47999,22147,TCP,Quarantined,48759,Low
2024-12-06 17:46:53,145.212.175.243,91.67.127.25,51627,58443,HTTP,Quarantined,690441,Medium
2024-12-09 04:22:30,174.232.145.56,207.111.55.60,64191,32692,TCP,Allowed,580099,Critical
2024-12-11 15:52:35,71.41.115.185,166.48.102.188,55996,38347,HTTP,Blocked,725423,Medium
2024-12-11 11:42:07,99.32.131.19,73.2.95.200,48897,53428,UDP,Allowed,406224,High
2024-12-03 05:24:39,53.176.43.135,165.253.114.162,34061,57763,HTTP,Quarantined,638576,Medium
2024-12-08 13:00:09,47.211.126.236,106.142.134.7,18954,26075,ICMP,Dropped,474843,Medium
2024-12-11 11:31:00,78.12.226.172,59.24.76.195,10079,27050,HTTPS,Dropped,884027,High
2024-12-12 02:47:18,40.174.103.184,189.181.70.231,47677,48289,HTTPS,Blocked,210647,Medium
2024-12-08 15:18:17,152.209.102.216,199.12.145.13,41929,46818,ICMP,Dropped,965939,Medium
2024-12-02 00:27:52,56.77.56.51,128.72.12.231,65336,46557,FTP,Blocked,528370,High
2024-12-13 08:41:11,210.95.249.38,48.226.56.42,47577,7564,ICMP,Quarantined,611116,Critical
2024-12-10 17:35:08,27.87.215.200,5.66.188.126,45211,49013,HTTPS,Dropped,920101,Critical
2024-12-01 04:37:59,44.167.102.77,31.120.9.88,53997,837,HTTPS,Allowed,26499,Critical
2024-12-04 10:54:40,25.75.49.5,171.111.19.216,10548,3478,FTP,Allowed,209612,High
2024-12-05 23:14:40,49.168.176.66,25.60.60.143,50188,51481,UDP,Dropped,716586,High
2024-12-03 18:10:43,154.215.141.242,8.113.132.105,10620,55010,TCP,Dropped,213910,Low
2024-12-13 20:14:01,105.204.144.88,14.127.137.24,24530,53349,HTTP,Allowed,646036,Medium
2024-12-07 02:05:22,99.111.172.195,15.235.61.97,49678,42410,HTTPS,Quarantined,249136,High
2024-12-04 07:47:28,128.8.44.244,175.98.101.189,46436,43549,TCP,Quarantined,406380,Critical
2024-12-06 03:12:55,86.12.103.142,33.233.128.82,63722,51650,FTP,Dropped,578944,Low
2024-12-08 18:04:48,184.223.162.227,140.142.45.116,1873,48738,ICMP,Blocked,650706,Critical
2024-12-18 13:49:13,94.34.230.169,6.238.135.43,55417,14782,FTP,Dropped,791787,Medium
2024-12-01 14:18:11,59.141.222.15,95.68.92.109,51889,47508,UDP,Dropped,470616,Medium
2024-12-17 22:15:25,123.187.232.146,162.44.197.113,65475,44739,TCP,Blocked,182237,Low
2024-12-10 17:06:13,161.84.84.5,50.129.124.49,25744,2664,HTTP,Dropped,583635,High
2024-12-12 01:16:56,187.209.12.177,35.164.103.73,9548,10547,HTTPS,Dropped,5919,High
2024-12-08 04:14:07,129.188.30.215,117.154.235.42,31585,46511,UDP,Allowed,161169,High
2024-12-15 23:17:34,131.174.203.89,2.50.100.87,40141,3333,FTP,Dropped,514379,High
2024-12-06 07:25:56,34.223.52.35,57.194.235.126,5800,51383,FTP,Dropped,550916,Medium
2024-12-03 21:48:05,58.230.180.141,64.193.123.61,63741,12051,HTTPS,Allowed,824451,Medium
2024-12-14 19:44:23,45.117.244.33,64.172.7.139,28282,35592,HTTPS,Quarantined,96411,High
2024-12-02 20:54:58,184.84.223.235,222.5.76.140,15520,57895,UDP,Dropped,347148,High
2024-12-13 14:59:01,202.218.155.2,16.245.199.147,20263,14317,HTTPS,Quarantined,588602,Low
2024-12-05 15:33:09,163.0.148.2,160.15.58.122,8542,43840,ICMP,Quarantined,252023,Medium
2024-12-03 07:55:53,69.196.22.100,65.107.163.183,63866,2614,FTP,Dropped,399898,Low
2024-12-11 23:09:39,207.11.167.50,29.174.202.25,26312,16816,HTTPS,Dropped,25905,High
2024-12-01 12:13:03,69.45.69.85,15.83.178.210,34729,52614,HTTPS,Quarantined,510451,Low
2024-12-01 21:17:21,121.165.155.222,209.39.222.133,20451,58870,FTP,Blocked,335872,Low
2024-12-08 00:06:26,133.184.22.159,168.198.4.153,63166,6289,UDP,Allowed,657386,Low
2024-12-08 22:49:29,53.131.249.37,133.2.87.40,14837,43932,FTP,Blocked,906966,Critical
2024-12-10 12:42:17,131.101.117.47,84.104.104.234,55790,6811,UDP,Quarantined,677968,Low
2024-12-14 06:39:34,17.49.134.187,184.50.48.92,49972,44961,UDP,Allowed,481532,High
2024-12-12 21:41:11,147.1.209.236,110.113.85.113,3506,5736,TCP,Allowed,186638,High
2024-12-08 06:56:20,105.164.229.219,186.251.22.102,37598,4617,HTTPS,Blocked,955238,High
2024-12-01 06:19:54,30.253.174.152,211.224.236.203,27738,25431,HTTP,Quarantined,454059,High
2024-12-11 22:36:16,180.10.141.50,111.15.248.84,2130,25527,FTP,Allowed,560814,Low
2024-12-05 00:42:19,121.42.35.255,145.26.71.109,43060,47205,HTTPS,Allowed,792682,Low
2024-12-04 01:09:11,223.56.229.1,83.195.7.229,46957,55591,TCP,Dropped,973128,Low
2024-12-11 23:43:31,211.89.211.62,126.27.62.118,20018,51570,FTP,Dropped,636030,Low
2024-12-18 07:29:34,218.196.213.33,49.153.157.13,19473,50154,HTTP,Quarantined,414306,Low
2024-12-14 03:19:41,6.154.154.47,123.193.234.171,32087,10245,HTTPS,Blocked,143006,Critical
2024-12-02 20:55:20,60.150.129.70,8.15.141.171,53241,52264,HTTPS,Dropped,664845,Medium
2024-12-07 02:23:56,61.221.83.71,35.100.248.10,20557,44387,FTP,Dropped,995586,Low
2024-12-09 22:50:55,13.40.105.143,90.151.31.40,37299,57329,HTTPS,Blocked,129221,Low
2024-12-16 23:26:56,14.208.144.96,25.32.147.21,1353,37534,HTTPS,Quarantined,563244,Low
2024-12-11 03:30:17,199.195.248.162,102.22.79.134,20992,13767,FTP,Dropped,222022,Critical
2024-12-09 04:33:29,66.229.115.23,6.26.248.127,60375,42332,HTTPS,Blocked,168772,Medium
2024-12-04 23:01:36,69.234.249.1,131.172.127.19,15493,40429,ICMP,Blocked,120190,Medium
2024-12-09 06:59:25,178.243.1.235,207.110.34.172,44997,52407,HTTPS,Allowed,892744,Critical
2024-12-17 16:59:11,188.113.47.149,13.235.84.215,43273,36023,TCP,Dropped,704313,Low
2024-12-12 19:30:49,203.194.130.121,74.12.230.61,17453,6436,UDP,Quarantined,997761,High
2024-12-10 16:44:41,219.71.255.90,27.69.27.14,24429,8403,FTP,Blocked,104904,High
2024-12-10 16:53:21,135.50.115.212,104.241.145.118,41624,4575,UDP,Dropped,509462,Critical
2024-12-16 06:20:30,93.21.154.50,93.12.151.251,22542,40393,FTP,Dropped,727143,Medium
2024-12-01 13:48:48,175.35.242.100,196.250.170.178,38088,37150,ICMP,Dropped,449112,Medium
2024-12-11 07:54:26,179.181.123.195,50.159.34.185,1340,20527,UDP,Blocked,746794,Critical
2024-12-11 09:56:36,40.248.186.167,73.26.9.64,19156,55058,ICMP,Blocked,712591,High
2024-12-14 11:24:19,191.76.171.61,11.224.157.25,58557,31455,HTTP,Quarantined,376167,High
2024-12-15 00:17:04,104.80.143.98,128.157.254.100,32938,36155,TCP,Blocked,676909,Low
2024-12-17 06:05:09,141.72.209.161,100.48.12.244,56191,18391,UDP,Blocked,276021,Low
2024-12-14 04:49:46,172.163.85.173,84.101.244.115,48696,4942,TCP,Allowed,852117,Critical
2024-12-12 22:21:30,178.143.103.10,123.111.225.5,51434,38669,UDP,Allowed,578388,High
2024-12-16 07:04:32,58.167.218.68,85.22.114.180,36640,58589,HTTPS,Quarantined,685672,Medium
2024-12-09 22:43:35,68.236.148.237,71.186.112.148,24998,25723,UDP,Dropped,140384,Critical
2024-12-12 22:50:32,115.117.240.234,14.26.38.86,33865,33451,TCP,Quarantined,381540,Low
2024-12-17 07:46:59,77.21.212.47,172.35.94.20,44453,15656,HTTPS,Blocked,793988,Medium
2024-12-10 10:04:08,95.73.74.89,52.109.143.250,30267,10435,UDP,Blocked,771667,Critical
2024-12-05 10:35:57,132.51.15.145,84.254.49.24,62573,23515,TCP,Blocked,798461,Critical
2024-12-10 09:44:23,123.173.33.103,186.27.249.63,16211,4120,ICMP,Dropped,245386,Low
2024-12-16 05:30:29,14.144.215.56,33.38.249.254,44840,13552,HTTPS,Dropped,406945,Critical
2024-12-05 08:46:29,151.240.158.32,2.195.190.145,61179,29796,TCP,Allowed,680027,High
2024-12-03 05:13:39,172.144.132.68,206.127.204.144,7788,46121,HTTPS,Dropped,875427,High
2024-12-09 11:24:45,122.159.102.245,60.11.225.185,38945,35675,HTTPS,Blocked,394956,Critical
2024-12-05 12:05:59,116.117.87.129,118.180.76.1,24964,38515,FTP,Allowed,541760,High
2024-12-17 14:24:15,160.150.227.156,105.2.10.71,25687,63746,UDP,Quarantined,370040,High
2024-12-08 01:35:32,203.222.177.94,39.243.207.176,32930,51948,HTTP,Allowed,526214,Medium
2024-12-15 09:01:30,67.113.52.247,124.159.217.129,29853,10854,UDP,Allowed,539535,High
2024-12-16 10:31:25,141.225.166.182,53.120.128.51,14885,9847,UDP,Blocked,379818,Low
2024-12-07 14:14:11,182.106.173.131,148.253.222.243,44350,15096,HTTP,Dropped,755242,Low
2024-12-18 13:06:38,211.41.46.80,20.251.143.21,32580,44252,HTTP,Quarantined,220939,Medium
2024-12-10 19:02:54,106.93.108.209,118.51.41.4,43442,54616,HTTP,Allowed,255506,Low
2024-12-10 16:01:53,139.218.87.110,141.31.207.69,9405,37585,HTTPS,Blocked,141268,Low
2024-12-09 05:36:12,169.68.238.152,128.112.206.239,59403,37505,UDP,Allowed,174421,High
2024-12-02 22:13:34,222.178.247.236,31.186.13.77,61477,11799,HTTPS,Quarantined,628471,Low
2024-12-05 11:14:45,148.66.0.0,196.222.83.212,58597,47157,FTP,Dropped,993267,Low
2024-12-11 13:14:25,170.10.177.123,26.145.160.38,15218,29439,HTTPS,Quarantined,909432,Critical
2024-12-10 11:14:26,76.200.189.158,17.43.19.142,12202,14377,HTTP,Blocked,833215,Medium
2024-12-14 14:23:09,107.132.29.98,94.98.219.222,41866,43231,HTTPS,Dropped,175868,High
2024-12-04 22:57:50,63.105.217.61,91.78.64.141,61471,29719,HTTPS,Allowed,240977,Critical
2024-12-17 16:57:23,46.107.94.146,173.132.233.23,26285,8665,TCP,Allowed,212177,Critical
2024-12-06 17:04:21,28.165.59.126,75.121.123.180,55190,9802,HTTPS,Allowed,186040,Critical
2024-12-13 13:11:30,221.215.143.202,67.192.148.55,60111,40289,HTTPS,Allowed,920390,Low
2024-12-18 09:06:08,99.227.0.82,108.32.29.181,7131,31605,FTP,Blocked,945799,Low
2024-12-07 08:16:40,144.72.247.2,69.59.87.23,59807,61456,FTP,Quarantined,547403,Critical
2024-12-03 09:11:33,209.143.18.132,56.201.156.198,25297,57333,TCP,Quarantined,240633,Critical
2024-12-13 13:01:31,110.234.18.3,209.241.235.189,52768,50376,HTTP,Dropped,617661,Low
2024-12-04 11:39:23,122.32.90.40,13.64.21.156,28908,8775,ICMP,Quarantined,803061,Medium
2024-12-01 02:46:49,5.164.38.114,218.57.47.73,60667,56299,TCP,Dropped,627354,Critical
2024-12-14 10:03:31,11.60.215.109,57.193.159.200,17919,12388,TCP,Allowed,606063,Low
2024-12-07 11:09:22,195.244.51.192,107.217.175.224,35087,472,HTTP,Blocked,721175,High
2024-12-02 04:03:43,46.207.136.192,196.8.110.76,27818,23742,TCP,Blocked,446768,High
2024-12-14 07:09:49,221.233.94.121,169.54.36.194,18148,56032,HTTPS,Quarantined,592099,High
2024-12-14 08:59:35,105.16.174.177,22.64.238.58,41124,18060,FTP,Quarantined,791645,Medium
2024-12-01 10:16:12,116.64.113.72,167.123.245.24,28105,36183,HTTPS,Quarantined,187401,High
2024-12-03 07:12:05,24.127.99.46,115.113.125.113,37664,36367,HTTP,Dropped,321549,High
2024-12-06 16:52:08,190.54.244.196,213.116.47.174,51761,46236,HTTP,Blocked,896531,Low
2024-12-12 09:51:48,167.108.241.118,193.74.194.206,50032,15059,HTTP,Blocked,105149,Medium
2024-12-09 00:45:07,54.204.47.223,189.113.90.177,34338,26252,ICMP,Allowed,168546,Critical
2024-12-17 21:51:54,205.118.244.73,107.82.208.44,64238,41673,TCP,Allowed,863245,Medium
2024-12-14 13:39:20,31.220.2.41,117.222.27.212,31935,60678,HTTPS,Quarantined,92422,Low
2024-12-01 17:37:26,45.209.87.36,210.126.107.45,18265,14534,ICMP,Allowed,638613,Low
2024-12-10 02:34:03,25.140.173.33,164.21.74.57,48504,25188,HTTP,Dropped,746172,Low
2024-12-01 15:41:13,22.175.157.222,63.92.13.203,63002,50700,UDP,Quarantined,460295,Low
2024-12-09 17:19:57,125.68.149.107,107.231.42.239,14243,55743,FTP,Dropped,204206,Low
2024-12-10 11:45:12,40.97.186.5,76.131.238.205,52401,39290,HTTPS,Blocked,645073,Medium
2024-12-07 08:11:45,86.6.42.184,16.205.48.241,45196,2364,ICMP,Blocked,686837,Low
2024-12-11 10:40:45,99.234.41.69,13.231.158.78,64963,10319,TCP,Dropped,817546,Critical
2024-12-16 13:52:59,24.15.234.189,155.201.94.120,24166,43887,HTTP,Quarantined,614549,Medium
2024-12-10 22:48:36,188.17.124.224,175.187.177.53,34954,1008,FTP,Allowed,963827,Low
2024-12-14 12:07:53,134.144.230.203,64.212.93.217,37042,18645,FTP,Dropped,364354,High
2024-12-14 17:37:28,203.111.167.227,207.100.138.209,15854,39739,UDP,Quarantined,974875,Critical
2024-12-04 13:16:07,112.203.165.214,13.68.149.71,38701,305,ICMP,Blocked,426911,Low
2024-12-08 06:39:14,99.63.7.76,86.24.24.158,37634,4744,HTTPS,Dropped,356480,Low
2024-12-01 04:27:40,167.173.194.19,86.163.250.158,53645,33639,ICMP,Dropped,727912,Critical
2024-12-13 05:23:28,140.51.170.235,86.252.116.199,64335,24713,HTTPS,Quarantined,807369,Medium
2024-12-06 03:50:06,46.205.162.203,90.5.230.189,50665,22261,HTTP,Quarantined,940073,Low
2024-12-07 22:31:28,104.75.206.181,199.223.38.192,32610,7620,ICMP,Allowed,401261,Medium
2024-12-15 14:31:26,137.106.40.75,98.97.254.202,45386,45953,UDP,Dropped,432459,High
2024-12-12 21:50:05,200.85.155.127,142.240.210.179,34873,35105,TCP,Dropped,260316,High
2024-12-15 20:34:59,204.100.147.49,116.159.222.177,7119,26145,FTP,Dropped,79721,Medium
2024-12-10 02:51:39,31.226.106.84,116.30.177.31,32255,20570,ICMP,Blocked,937758,High
2024-12-15 05:08:58,14.58.28.155,169.136.20.135,13002,62071,FTP,Blocked,523238,Medium
2024-12-03 12:21:46,11.146.238.151,29.218.150.193,16415,48198,UDP,Dropped,216823,Medium
2024-12-04 17:54:58,190.218.60.136,142.158.116.124,14312,54719,UDP,Dropped,163573,Low
2024-12-15 05:06:25,207.200.127.61,22.148.246.125,8880,60306,TCP,Quarantined,643644,Low
2024-12-10 00:01:49,216.167.134.75,102.221.225.161,51109,56171,HTTPS,Allowed,889203,Critical
2024-12-10 17:53:17,198.206.14.191,53.116.67.106,25350,40677,ICMP,Quarantined,941748,High
2024-12-03 05:55:24,60.208.66.197,188.0.138.114,33189,11985,HTTPS,Dropped,417206,Medium
2024-12-04 11:10:49,39.86.243.202,77.239.124.230,50187,37793,UDP,Allowed,551273,Critical
2024-12-09 03:06:52,132.7.12.45,167.239.213.40,32371,61582,HTTPS,Allowed,526883,High
